ID,Epic ID,Epic Name,Persona,User Story,Acceptance Criteria,Priority,Source,Assumptions,Uncertainty Level
US-0101,E01,Portal & Identidade gov.br,Beneficiária,"Como beneficiária (RH de uma empresa), quero acessar o portal do marketplace autenticando-me pelo gov.br, para entrar com minha identidade digital sem criar novo usuário e senha.","Dado que sou uma usuária com conta gov.br válida, quando acesso a URL do portal, então sou redirecionada ao provedor gov.br via OpenID Connect e retorno autenticada ao portal; Dado que concluí a autenticação gov.br, quando o token é validado, então uma sessão de usuário externo do Experience Cloud é estabelecida com meu CPF; Dado que a autenticação gov.br falha ou é cancelada, quando retorno ao portal, então recebo mensagem de erro clara e permaneço deslogada; Dado que meu nível de confiabilidade da conta gov.br (Bronze/Prata/Ouro) não atende ao mínimo exigido, quando tento entrar, então o acesso é bloqueado com orientação sobre o nível necessário.",High,".discovery-context.md:15,123 (login gov.br + Experience Cloud/Geride via MuleSoft) [KB: salesforce-revenue-cloud-marketplace-arch.md:39] (Experience Cloud suporta identidade externa/SSO gov.br via OpenID Connect)","Nível mínimo de confiabilidade gov.br a confirmar com MTE. A versão da licença de portal da beneficiária (Partner Community vs Customer Community Plus) segue em aberto (G0103/G0108) e não altera o fluxo de autenticação, mas condiciona quais objetos ela opera após o login.",Confirmed
US-0102,E01,Portal & Identidade gov.br,Beneficiária,"Como beneficiária, quero selecionar qual empresa desejo representar após o login, para operar o portal em nome do CNPJ correto usando minha procuração digital.","Dado que estou autenticada pelo gov.br, quando entro pela primeira vez na sessão, então vejo a tela 'Selecionar empresa que deseja representar' com a mensagem 'Seu CPF possui autorização para operar as empresas abaixo'; Dado que possuo vínculo com uma ou mais empresas, quando a lista carrega, então cada empresa aparece como card com Razão Social, CNPJ, tipo (Matriz/Filial) e chip de status 'Ativa'; Dado que seleciono um card e clico em Continuar, então o contexto de representação é fixado nessa empresa e sou direcionada ao início do portal; Dado que clico em Cancelar, então nenhum contexto é assumido e permaneço na tela de seleção.",High,.discovery-context.md:92-93 (protótipo Figma tela 2/3 'Selecionar empresa que deseja representar'),Protótipo demonstra a tela; regras de expiração/revogação da procuração a detalhar.,Confirmed
US-0103,E01,Portal & Identidade gov.br,Beneficiária,"Como beneficiária que representa muitas empresas, quero buscar a empresa por Razão Social ou CNPJ na tela de seleção, para localizar rapidamente o CNPJ que preciso operar.","Dado que estou na tela de seleção de empresa, quando digito parte da Razão Social ou do CNPJ no campo de busca, então a lista de cards é filtrada em tempo real pelos termos informados; Dado que a busca não retorna resultados, quando nenhum vínculo corresponde, então vejo mensagem de 'nenhuma empresa encontrada'; Dado que limpo o campo de busca, então a lista completa de empresas vinculadas é exibida novamente.",Medium,.discovery-context.md:92 (busca por Razão Social/CNPJ na tela de representação),Paginação necessária quando o CPF possui muitos vínculos (padrão de 10 itens observado em outras telas).,Confirmed
US-0104,E01,Portal & Identidade gov.br,Beneficiária,"Como beneficiária, quero que o portal exiba apenas as empresas para as quais tenho vínculo válido, para não operar indevidamente em nome de CNPJs que não represento.","Dado que faço login pelo gov.br, quando a tela de representação carrega, então o portal consulta os vínculos do meu CPF via integração GOV.BR/Geride pelo MuleSoft e exibe somente empresas com vínculo válido; Dado que uma empresa não possui vínculo ativo com meu CPF, quando a lista é montada, então essa empresa não aparece como selecionável; Dado que a integração de vínculos está indisponível, quando tento carregar a lista, então recebo mensagem de indisponibilidade e o acesso ao contexto de representação é bloqueado (fail-closed); Dado que um vínculo é revogado, quando reentro na sessão, então a empresa deixa de aparecer.",High,".discovery-context.md:15,123 (apenas empresas com vínculos válidos; validação via GOV.BR/Geride pelo MuleSoft) [KB: salesforce-revenue-cloud-marketplace-arch.md:38] (MuleSoft como camada de integração de identidade/auth)","Contrato de API do Geride para consulta de vínculos/procuração ainda não disponível (integração imatura, dados mockados na fase inicial). Comportamento fail-closed é recomendação Scopezilla a validar.",Assumed
US-0105,E01,Portal & Identidade gov.br,Beneficiária,"Como beneficiária que representa mais de uma empresa, quero trocar a empresa representada pelo menu superior sem deslogar, para operar em nome de outro CNPJ na mesma sessão.","Dado que estou operando no portal com uma empresa selecionada, quando abro o seletor de empresa no menu superior, então vejo as demais empresas que posso representar; Dado que escolho outra empresa, então o contexto de representação é trocado e os dados exibidos (cotações, folhas, contratos) passam a refletir o novo CNPJ; Dado que troco de empresa no meio de um formulário não salvo, então sou avisada de que dados não salvos serão perdidos antes de confirmar a troca.",Medium,.discovery-context.md:92 (troca de empresa pelo menu superior),Comportamento de perda de dados não salvos é recomendação de UX a validar.,Confirmed
US-0106,E01,Portal & Identidade gov.br,Beneficiária,"Como beneficiária de um grupo com matriz e filiais, quero que o portal distinga Matriz de Filial no contexto de representação, para operar cotações e folhas no CNPJ correto da estrutura.","Dado que meu CPF representa empresas do tipo Matriz e Filial, quando a tela de seleção carrega, então cada card indica claramente o tipo (Matriz/Filial); Dado que seleciono uma filial, então as operações do portal são vinculadas ao CNPJ daquela filial e não ao da matriz; Dado que uma operação exige o CNPJ da matriz, quando estou em contexto de filial, então o portal aplica a regra definida (bloqueio ou herança) de forma consistente.",Medium,.discovery-context.md:92 (tipo Matriz/Filial nos cards de representação),"Regra de negócio para operações matriz vs filial (herança, consolidação ou isolamento) não foi definida na discovery — gap a resolver com MTE/Dataprev.",Assumed
US-0107,E01,Portal & Identidade gov.br,Beneficiária,"Como beneficiária, quero navegar pelo portal por um menu lateral com as áreas do marketplace, para acessar cotação, folha, empresas credenciadas e demais funções a partir de um único ponto.","Dado que estou autenticada e com empresa representada, quando o portal carrega, então vejo o menu lateral com Início, Registros, Empresas Credenciadas, Cotação, Folha de Pagamento (com submenus Folha de Beneficiários e Histórico de Folhas), Facilitadores e Sair; Dado que clico em um item do menu, então navego para a área correspondente sem perder o contexto da empresa representada; Dado que não tenho permissão para uma área, quando o menu é renderizado, então o item não aparece ou aparece desabilitado.",High,.discovery-context.md:99-101 (menu lateral da Beneficiária),A capacidade de a beneficiária operar Cotação (Opportunity) e Comparação/Seleção (Quote) nativamente no portal depende da versão de licença (Customer Community Plus não expõe Opportunity/Quote; Partner Community é a candidata) — em aberto (G0103/G0108).,Confirmed
US-0108,E01,Portal & Identidade gov.br,Estabelecimento,"Como estabelecimento (restaurante/mercado), quero acessar o portal autenticando-me pelo gov.br, para iniciar meu credenciamento e acompanhar meu cadastro sem criar novas credenciais.","Dado que sou responsável por um estabelecimento com conta gov.br, quando acesso o portal, então sou autenticado via gov.br (OpenID Connect) e entro no contexto do estabelecimento que represento; Dado que meu CPF possui vínculo com um CNPJ de estabelecimento, quando entro, então opero em nome desse estabelecimento; Dado que ainda não tenho estabelecimento cadastrado, quando entro pela primeira vez, então sou direcionado ao fluxo de pré-cadastro/credenciamento.",High,".discovery-context.md:244,257 (credenciamento do estabelecimento via portal com login gov.br, não via API)","Credenciamento em si é E03; aqui cobre apenas identidade e primeiro acesso do estabelecimento. Estabelecimento tende a acesso esporádico (login-based), diferente da beneficiária.",Assumed
US-0109,E01,Portal & Identidade gov.br,Estabelecimento,"Como estabelecimento já credenciado, quero uma área no portal para visualizar e gerenciar meu cadastro, para consultar meu status de credenciamento e dados sem depender de uma facilitadora.","Dado que sou um estabelecimento autenticado, quando acesso minha área no portal, então vejo meu cadastro, situação (credenciado/pendente) e dados do estabelecimento; Dado que meu credenciamento está pendente, quando visualizo minha área, então vejo o que falta (documentos/licenças) e o status atual; Dado que preciso atualizar informações (ex.: renovação de licença), quando acesso a área de gerenciamento, então consigo iniciar a atualização.",Medium,".discovery-context.md:257,392 (parte do portal para visualização/gerenciamento do estabelecimento; retorno periódico para renovar licenças)",Conjunto de dados exibidos ao estabelecimento não foi definido na discovery ('não sei qual é informação hoje de estabelecimento teria'). A gestão de documentos/licenças pertence a E03; aqui é a superfície de portal.,Assumed
US-0110,E01,Portal & Identidade gov.br,Admin plataforma,"Como administrador da plataforma, quero que beneficiárias e estabelecimentos vejam experiências e permissões distintas conforme seu papel, para que cada ator acesse apenas as funções e dados que lhe competem.","Dado que um usuário autentica como beneficiária, quando o portal carrega, então ele vê a navegação e as ações da beneficiária (cotação, folha, contratos) e não as de estabelecimento; Dado que um usuário autentica como estabelecimento, quando o portal carrega, então ele vê apenas a área de credenciamento/gerenciamento do estabelecimento; Dado que um usuário tenta acessar por URL uma área fora do seu papel, então o acesso é negado por controle de permissão do lado servidor, não apenas por ocultação de menu; Dado que um usuário representa uma empresa, quando consulta dados, então vê somente registros do CNPJ representado (isolamento por compartilhamento).",High,".discovery-context.md:235,244 (perspectivas distintas de beneficiária e estabelecimento no portal; separação de atores)",Modelo de compartilhamento/perfis do Experience Cloud a detalhar em design; facilitadora é API-only (E05) e não consome licença de portal.,Assumed
US-0111,E01,Portal & Identidade gov.br,Admin plataforma,"Como administrador da plataforma, quero definir o modelo de licenciamento de portal por perfil de acesso, para dimensionar corretamente licenças nomeadas (beneficiária, acesso recorrente) e por login (estabelecimento, acesso esporádico).","Dado que a beneficiária acessa o portal recorrentemente (pelo menos mensalmente para envio de folha), quando o licenciamento é definido, então ela é atendida por licença nomeada; Dado que o estabelecimento acessa esporadicamente (ex.: credenciamento e renovação de licenças a cada 6-12 meses), quando o licenciamento é definido, então ele é atendido por modelo por login/acesso; Dado o alto volume de estabelecimentos (~800 mil), quando o dimensionamento é feito, então o modelo escolhido para estabelecimento evita custo de licença nomeada por acesso pontual.",Medium,.discovery-context.md:392 (acesso nomeado para beneficiária recorrente vs licença por login para estabelecimentos esporádicos); .discovery-context.md:386 (beneficiária entra ao menos 1x/mês),"Ponto em aberto (G0103/G0108): se a beneficiária precisar operar Opportunity/Quote nativamente no portal, Customer Community Plus não os expõe e Partner Community passa a ser a candidata — a confirmar. A decisão de licença muda premissa de custo/dimensionamento e depende de requalificação.",TBD
US-0112,E01,Portal & Identidade gov.br,Analista MTE,"Como analista do MTE, quero acesso administrativo e de governança à plataforma com o nível de privilégio adequado, para acompanhar a operação e administrar o que me compete sem acessar dados indevidos.","Dado que sou um usuário do MTE (equipe de até ~10 pessoas), quando recebo acesso, então recebo um perfil interno com o nível de privilégio definido para governança/administração, não uma licença de portal externo; Dado que acesso a plataforma, quando navego, então vejo apenas as funções de administração/monitoramento autorizadas ao MTE; Dado que uma ação administrativa é realizada, então ela é registrada em trilha de auditoria com identificação do usuário.",Medium,.discovery-context.md:392 (MTE ~3-10 pessoas; licenciamento de plataforma para administração/governança e relatórios),O nível/camada de privilégios do MTE ainda não foi definido na discovery ('qual é o nível de privilégios que vocês vão dar pra ele'). A visão de monitoramento em si é E04; aqui é apenas o acesso/identidade administrativa.,Assumed
US-0113,E01,Portal & Identidade gov.br,Beneficiária,"Como beneficiária, quero encerrar minha sessão com segurança e ter a sessão expirada por inatividade, para proteger o acesso em nome da empresa que represento.","Dado que estou autenticada no portal, quando clico em 'Sair' no menu, então minha sessão é encerrada e sou redirecionada à tela de login; Dado que fico inativa além do tempo limite definido, quando tento continuar, então a sessão expira e sou solicitada a autenticar novamente pelo gov.br; Dado que encerro a sessão, quando tento voltar por navegação/URL, então não consigo acessar áreas autenticadas sem novo login.",Low,.discovery-context.md:100 ('Sair' no menu lateral),Tempo de expiração de sessão a definir; alinhamento com política de logout federado do gov.br a confirmar.,Assumed
US-0201,E02,Marketplace de Cotação e Contratação,Beneficiária,"Como Beneficiária, quero autenticar via GOV.BR e selecionar a empresa (CNPJ) que represento por procuração digital, para operar o marketplace apenas nas empresas às quais tenho vínculo válido.","Dado um CPF autenticado via GOV.BR, Quando acesso o portal, Então vejo apenas as empresas (Razão Social + CNPJ + tipo Matriz/Filial) para as quais possuo autorização de procuração; Dado que seleciono uma empresa Ativa, Quando clico em Continuar, Então o contexto da sessão passa a operar sob aquele CNPJ; Dado que não possuo vínculo válido para um CNPJ, Quando busco por ele, Então não é retornado/selecionável; Dado que troco de empresa pelo menu superior, Quando confirmo, Então o contexto de dados é recarregado para o novo CNPJ",High,[KB: salesforce-revenue-cloud-marketplace-arch.md:36-40] Experience Cloud + identidade externa GOV.BR; prototipo-figma telas 1-3 [Confirmed: prototipo do cliente],Integração GOV.BR/Geride e resolução de procuração digital são entregues por E05 (MuleSoft).,Confirmed
US-0202,E02,Marketplace de Cotação e Contratação,Beneficiária,"Como Beneficiária, quero cadastrar uma demanda de benefício como Opportunity nativa informando nº de funcionários, valor por trabalhador, vigência em meses e periodicidade, para iniciar um leilão reverso entre as facilitadoras.","Dado que estou na tela Nova Cotação, Quando informo quantidade de funcionários, valor do benefício por trabalhador, vigência contratual (meses) e periodicidade (Mensal/Quinzenal), Então o sistema cria uma Opportunity nativa vinculada ao CNPJ da beneficiária; Dado que um campo obrigatório está vazio, Quando tento salvar, Então a submissão é bloqueada com mensagem de validação; Dado que a demanda é criada com sucesso, Quando confirmo, Então recebo um número de cotação e a demanda entra no estado inicial da janela de propostas",High,[KB: salesforce-revenue-cloud-marketplace-arch.md:26-30] modelo buyer-initiated é custom; ADR 0004 objetos nativos; prototipo-figma tela 5 [Confirmed],Opportunity nativa é o objeto-âncora da demanda por ADR 0004; campos custom estendem o objeto padrão.,Confirmed
US-0203,E02,Marketplace de Cotação e Contratação,Beneficiária,"Como Beneficiária, quero configurar a personalização do vale entre Alimentação e Refeição por percentual, para que as propostas cheguem já normalizadas à minha necessidade.","Dado que estou criando a demanda, Quando defino percentuais de Alimentação e Refeição (ex.: 70%/30%), Então a soma deve totalizar 100% ou a submissão é bloqueada; Dado que salvo a personalização, Quando a demanda é publicada, Então os percentuais ficam disponíveis para consulta pelas facilitadoras via API; Dado que não altero os percentuais, Quando salvo, Então um padrão configurável é aplicado",Medium,prototipo-figma tela 5 (Personalização Alimentação/Refeição) [Confirmed],"Split Alimentação/Refeição é atributo da demanda, não gera objetos financeiros nesta épica.",Confirmed
US-0204,E02,Marketplace de Cotação e Contratação,Beneficiária,"Como Beneficiária, quero informar a distribuição de trabalhadores por UF na demanda, para que as facilitadoras precifiquem considerando a dispersão regional.","Dado que estou na tela de demanda, Quando adiciono linhas de UF + quantidade, Então cada UF é registrada com sua quantidade em uma tabela vinculada à cotação; Dado que a soma das quantidades por UF diverge do nº total de funcionários, Quando tento salvar, Então recebo um aviso de inconsistência; Dado que a demanda é publicada, Quando a facilitadora consulta via API, Então a distribuição por UF é retornada",Medium,prototipo-figma tela 5 (Distribuição por UF: SP 200 / SC 150) [Confirmed],Distribuição por UF modelada como objeto-filho da cotação.,Confirmed
US-0205,E02,Marketplace de Cotação e Contratação,Beneficiária,"Como Beneficiária, quero selecionar os recursos obrigatórios que exijo (app, NFC, geolocalização, histórico, segurança etc.), para padronizar a comparação entre propostas.","Dado que estou na tela de demanda, Quando marco recursos obrigatórios de um catálogo padronizado, Então eles são anexados à cotação como requisitos; Dado que uma proposta não atende um recurso obrigatório, Quando ela é comparada, Então o não-atendimento é sinalizado na tela de comparação; Dado que o catálogo de recursos é mantido pelo Admin, Quando um recurso é desativado, Então ele não aparece em novas demandas",Medium,prototipo-figma tela 5 (Recursos Obrigatórios) [Confirmed],Catálogo de recursos obrigatórios é configurável (picklist/objeto custom).,Confirmed
US-0206,E02,Marketplace de Cotação e Contratação,Beneficiária,"Como Beneficiária, quero que minha demanda tenha um prazo (SLA) de recebimento de propostas com contagem regressiva, para saber quando a janela do leilão fecha.","Dado que publico uma demanda, Quando ela entra no estado Aguardando Propostas, Então um prazo de fim de janela é definido e exibido com contagem regressiva (ex.: 5 dias); Dado que o prazo se aproxima, Quando visualizo a lista de cotações, Então o countdown reflete o tempo restante (dias); Dado que o prazo expira, Quando o sistema avalia a janela, Então o estado transiciona automaticamente para permitir seleção",High,"prototipo-figma telas 4/6 (prazo restante, countdown) + discovery (dinâmica de leilão com SLA) [Confirmed]",SLA padrão da janela é configurável pelo Admin; transição no vencimento é automatizada (Flow/scheduled).,Confirmed
US-0207,E02,Marketplace de Cotação e Contratação,Facilitadora [via API],"Como Facilitadora operando exclusivamente via API (sem UI, sem licença de portal), quero consultar as demandas abertas dentro da vigência através de um endpoint de consulta, para descobrir oportunidades de proposta no modelo pull.","Dado que sou uma facilitadora autenticada na API, Quando chamo o endpoint de consulta de demandas, Então recebo as demandas em janela aberta com seus atributos (funcionários, valor, vigência, distribuição por UF, recursos obrigatórios); Dado que uma demanda já fechou a janela, Quando consulto, Então ela não é retornada como aberta; Dado que não tenho credencial válida, Quando chamo o endpoint, Então recebo erro de autenticação; Dado que a Fase 1 é pull, Quando não consulto, Então não recebo nenhuma notificação ativa (push é roadmap futuro)",High,[KB: salesforce-revenue-cloud-marketplace-arch.md:36-38] MuleSoft API-led; descoberta de demanda via pull (E05) [Assumed],Endpoint exposto/orquestrado por MuleSoft (E05); notificação push fica fora da Fase 1.,Assumed
US-0208,E02,Marketplace de Cotação e Contratação,Facilitadora [via API],"Como Facilitadora, quero submeter uma proposta como Quote nativa exclusivamente via API informando o ID da cotação/oportunidade aberta, para responder ao leilão sem acessar a plataforma.","Dado que consulto uma demanda aberta, Quando submeto uma Quote via API informando o ID da cotação e minha proposta comercial (taxa, cobertura por UF, atendimento de recursos), Então uma Quote nativa é criada relacionada à Opportunity da demanda; Dado que envio proposta para uma cotação com janela fechada, Quando a API valida, Então a submissão é rejeitada com erro de vigência encerrada; Dado que envio proposta para um ID inexistente, Quando a API valida, Então recebo erro de referência inválida; Dado que N facilitadoras submetem, Quando consulto a demanda, Então existem N Quotes vinculadas a uma cotação",High,[KB: salesforce-revenue-cloud-marketplace-arch.md:26-30] relação 1-cotação-para-N-propostas; Quote invertida buyer-initiated [Assumed],Quote nativa reaproveitada como proposta da facilitadora; submissão apenas via API por ADR 0004.,Assumed
US-0209,E02,Marketplace de Cotação e Contratação,Facilitadora [via API],"Como Facilitadora, quero que a plataforma me impeça de ver propostas concorrentes, para que a equidade do leilão seja garantida por construção.","Dado que só tenho acesso via API e não possuo UI nem licença de portal, Quando consulto uma demanda, Então nenhum dado de propostas de outras facilitadoras é retornado; Dado que submeto minha proposta, Quando consulto seu status, Então vejo apenas a minha própria Quote; Dado o modelo sem UI para facilitadora, Quando o sistema é auditado, Então não há necessidade de Apex managed sharing para ocultar concorrentes",High,ADR 0004 (equidade por construção — facilitadora sem UI) [Assumed],Ausência de UI para facilitadora elimina necessidade de sharing customizado; escopo da API restringe payload por facilitadora.,Assumed
US-0210,E02,Marketplace de Cotação e Contratação,Beneficiária,"Como Beneficiária, quero uma tela Comparar Propostas (LWC) que exiba lado a lado as propostas recebidas conforme chegam, para avaliar taxas, cobertura e atendimento de recursos.","Dado que minha demanda está Aguardando Propostas, Quando facilitadoras submetem Quotes, Então a tela de comparação exibe cada proposta lado a lado com seus atributos-chave; Dado que uma proposta não atende um recurso obrigatório, Quando comparo, Então o não-atendimento é destacado visualmente; Dado que novas propostas chegam durante a janela, Quando reabro a tela, Então elas aparecem na comparação; Dado que ordeno por taxa, Quando aplico a ordenação, Então as propostas são reordenadas",High,[KB: salesforce-revenue-cloud-marketplace-arch.md:41-42] núcleo de comparação é custom; prototipo-figma tela 4 (ação Comparar Propostas) [Assumed — tela de comparação não capturável no proto],Comparação implementada como LWC custom sobre Quotes nativas.,Assumed
US-0211,E02,Marketplace de Cotação e Contratação,Beneficiária,"Como Beneficiária, quero que o botão de seleção da proposta vencedora fique travado até o fechamento da janela de vigência, para garantir isonomia entre as facilitadoras.","Dado que a janela de propostas ainda está aberta, Quando acesso a tela Comparar Propostas, Então a ação de selecionar/contratar está desabilitada com aviso de que a seleção abre no fechamento; Dado que a janela fecha, Quando retorno à tela, Então a seleção manual é habilitada; Dado que tento forçar a seleção via URL/manipulação antes do fechamento, Quando o sistema valida o estado da janela, Então a operação é bloqueada no servidor",High,ADR 0004 (trava de seleção até fechamento — camada custom fina) [Assumed],Trava validada server-side (não apenas na UI) pela máquina de estados da janela.,Assumed
US-0212,E02,Marketplace de Cotação e Contratação,Beneficiária,"Como Beneficiária, quero selecionar manualmente a proposta vencedora após o fechamento da janela, para escolher a facilitadora que melhor atende minha demanda.","Dado que a janela fechou e há propostas válidas, Quando seleciono uma proposta, Então a cotação transiciona para Contratada e as demais propostas passam a Não Selecionada; Dado que seleciono, Quando confirmo, Então o processo de firmar contrato é iniciado para a facilitadora vencedora; Dado que não seleciono nenhuma até um prazo, Quando o prazo expira, Então a cotação pode ser marcada como Concluída sem contrato",High,prototipo-figma tela 4 (chips Contratada / Concluída sem contrato) + ADR 0004 (seleção manual) [Confirmed — estados no proto],Seleção é manual (não automática por menor taxa) na Fase 1.,Assumed
US-0213,E02,Marketplace de Cotação e Contratação,Admin plataforma,"Como Admin da plataforma, quero uma máquina de estados que governe a demanda de Nova até Contratada/Concluída sem contrato/Cancelada, para que o ciclo de vida do leilão seja consistente e auditável.","Dado o ciclo Nova → Aguardando Propostas → (fechamento) → Contratada | Concluída sem contrato | Cancelada, Quando um evento válido ocorre, Então o estado transiciona apenas conforme as transições permitidas; Dado uma transição inválida (ex.: Cancelada → Contratada), Quando é tentada, Então é rejeitada; Dado que uma transição ocorre, Quando consulto o histórico, Então a mudança de estado fica registrada com data/hora e ator",High,prototipo-figma (máquina de estados inferida) + ADR 0004 (máquina de estados da janela) [Confirmed — chips de status no proto],Estados implementados via picklist + Flow/validações; trilha de auditoria via field history.,Assumed
US-0214,E02,Marketplace de Cotação e Contratação,Beneficiária,"Como Beneficiária, quero consultar a lista Minhas Cotações com filtros por número, status, data e prazo, para acompanhar o andamento das solicitações enviadas às facilitadoras.","Dado que tenho cotações, Quando acesso Minhas Cotações, Então vejo colunas Número, Data, Empresa, Status, Prazo e Ações com paginação; Dado que aplico filtros por número/status/data, Quando clico em Consultar, Então a lista é filtrada; Dado que uma cotação está Aguardando Propostas, Quando visualizo, Então o Prazo mostra a contagem regressiva; Dado que clico em uma ação (visualizar, contrato, comparar propostas), Quando disponível para o status, Então sou levada à tela correspondente",Medium,"prototipo-figma tela 4 (Minhas Cotações, filtros, chips de status) [Confirmed]",Lista implementada em Experience Cloud sobre objetos nativos.,Confirmed
US-0215,E02,Marketplace de Cotação e Contratação,Beneficiária,"Como Beneficiária, quero cancelar uma demanda antes do fechamento da janela, para encerrar solicitações criadas por engano ou que não sejam mais necessárias.","Dado que uma demanda está Aguardando Propostas, Quando solicito o cancelamento, Então a cotação transiciona para Cancelada; Dado que a cotação foi cancelada, Quando facilitadoras consultam o endpoint, Então ela não aparece como aberta; Dado que uma cotação já está Contratada, Quando tento cancelar, Então a operação é bloqueada",Low,prototipo-figma tela 4 (chip Cancelada) [Assumed],Regras de quem pode cancelar e janela de cancelamento a validar com cliente.,Assumed
US-0216,E02,Marketplace de Cotação e Contratação,Facilitadora [via API],"Como Facilitadora, após ser selecionada, quero fazer upload de um contrato em PDF imutável com metadados via API, para firmar a contratação sem um módulo de gestão de ciclo de vida de contrato (sem CLM na Fase 1).","Dado que fui selecionada em uma cotação, Quando envio o PDF do contrato + metadados (vigência, valor mensal, partes) via API, Então um registro de Contrato é criado ligando Facilitadora ↔ Beneficiária com o PDF anexado imutável; Dado que o PDF é anexado, Quando alguém tenta editá-lo, Então o arquivo é somente-leitura (imutável); Dado que envio sem os metadados obrigatórios, Quando a API valida, Então a submissão é rejeitada",High,"[KB: salesforce-revenue-cloud-marketplace-arch.md:43] CLM não usado na Fase 1; ADR 0004 (contrato via upload PDF, sem CLM) [Assumed]","Contrato como objeto nativo/custom com ContentDocument imutável; nenhuma funcionalidade de CLM (redlining, cláusulas, e-signature) na Fase 1.",Assumed
US-0217,E02,Marketplace de Cotação e Contratação,Facilitadora [via API],"Como Facilitadora, quero registrar aditivos e renovações como novas versões do contrato, para manter o histórico contratual sem CLM.","Dado um contrato firmado, Quando envio um aditivo/renovação via API, Então uma nova versão do contrato é criada preservando as versões anteriores; Dado que múltiplas versões existem, Quando a beneficiária consulta o contrato, Então vê a versão vigente e o histórico de versões; Dado que uma versão é a mais recente, Quando o sistema determina a vigência, Então a versão corrente é a de referência",Medium,ADR 0004 (aditivos/renovações como nova versão) [Assumed],Versionamento via objeto de versões relacionado ao contrato; sem workflow de aprovação de CLM.,Assumed
US-0218,E02,Marketplace de Cotação e Contratação,Beneficiária,"Como Beneficiária, após o contrato firmado, quero dar o termo de aceite classificando o nº de trabalhadores acima e abaixo de 5 salários mínimos por CNPJ, para atender à regra fiscal do PAT.","Dado que um contrato foi firmado, Quando acesso o termo de aceite, Então informo, por CNPJ, a quantidade de trabalhadores acima e abaixo de 5 salários mínimos; Dado que a soma das faixas não bate com o nº de trabalhadores do CNPJ, Quando submeto, Então recebo aviso de inconsistência; Dado que o termo é dado como Fase 1-required, Quando concluo, Então o contrato só é considerado apto quando o termo está preenchido",High,"ADR 0004 (termo de aceite Fase 1-required, faixa 5 SM); discovery (regra fiscal PAT) [Assumed]",Faixa de 5 salários mínimos reflete regra do teto fiscal; valor do SM parametrizável.,Assumed
US-0219,E02,Marketplace de Cotação e Contratação,Beneficiária,"Como Beneficiária, quero informar no termo de aceite a distribuição matriz/filial dos trabalhadores por CNPJ, para que a adesão reflita corretamente a estrutura societária.","Dado que preencho o termo de aceite, Quando informo a distribuição matriz/filial por CNPJ, Então os dados são registrados vinculados ao contrato; Dado que a matriz adere, Quando confirmo, Então todas as filiais entram automaticamente na adesão; Dado que a estrutura matriz/filial é conhecida, Quando visualizo o termo, Então vejo a lista de CNPJs abrangidos",High,"ADR 0004 (matriz/filial: ao aderir, todas as filiais entram; distribuição no termo) [Assumed]",Estrutura matriz/filial obtida via Novo PAT/INIS PJ (E05); todas as filiais aderem em bloco.,Assumed
US-0220,E02,Marketplace de Cotação e Contratação,Admin plataforma,"Como Admin da plataforma, quero que o termo de aceite finalizado seja integrado ao Novo PAT via INIS PJ, para registrar oficialmente a adesão da beneficiária.","Dado um termo de aceite concluído, Quando o sistema o processa, Então os dados são enviados ao Novo PAT via INIS PJ (E05/MuleSoft); Dado que a integração retorna sucesso, Quando consulto o termo, Então seu status reflete confirmação no Novo PAT; Dado que a integração falha, Quando ocorre erro, Então o termo permanece pendente e o erro é registrado para reprocessamento",High,"ADR 0004 (termo integrado ao Novo PAT via INIS PJ, E05); discovery (integração Novo PAT alto risco) [Assumed]",Integração INIS PJ entregue por E05; mocks usados enquanto API real não está disponível.,Assumed
US-0221,E02,Marketplace de Cotação e Contratação,Admin plataforma,"Como Admin da plataforma, quero validar a situação regular de beneficiária e facilitadora contra o Novo PAT antes de permitir cotação/proposta, para garantir que apenas participantes regulares operem no marketplace.","Dado que uma beneficiária tenta publicar uma demanda, Quando o sistema valida sua situação no Novo PAT, Então a publicação só prossegue se a situação for regular; Dado que uma facilitadora submete proposta via API, Quando o sistema valida seu credenciamento no Novo PAT, Então propostas de facilitadoras irregulares são rejeitadas; Dado que a validação está indisponível, Quando ocorre timeout, Então o comportamento de fallback (bloquear/permitir com flag) segue a regra definida",High,discovery (marketplace integra ao Novo PAT para validar situação regular) [Assumed],Validação via E05; regra de fallback em indisponibilidade a confirmar com cliente.,Assumed
US-0222,E02,Marketplace de Cotação e Contratação,Beneficiária,"Como Beneficiária PAT, quero que o cálculo do benefício respeite o teto de taxa de 3,6% e o benefício fiscal aplicável, para permanecer em conformidade com a reforma do PAT.","Dado que sou uma beneficiária enquadrada no PAT, Quando propostas são recebidas, Então a taxa considerada respeita o teto de 3,6%; Dado que uma proposta excede o teto de 3,6%, Quando é comparada, Então é sinalizada como fora da regra; Dado o enquadramento PAT, Quando o benefício é calculado, Então a regra de benefício fiscal do PAT é aplicada",High,"discovery (reforma nov/2025: taxa máxima 3,6%; PAT sob teto) [Confirmed — contexto regulatório]",Percentual de teto parametrizável; regras fiscais detalhadas a validar com MTE.,Assumed
US-0223,E02,Marketplace de Cotação e Contratação,Beneficiária,"Como Beneficiária NÃO-PAT, quero contratar pelo marketplace com regra de cálculo sem benefício fiscal, para poder usar a plataforma mesmo fora do enquadramento PAT.","Dado que sou uma beneficiária não enquadrada no PAT, Quando publico uma demanda, Então o fluxo de cotação/contratação está disponível; Dado o enquadramento não-PAT, Quando o benefício é calculado, Então nenhuma regra de benefício fiscal do PAT é aplicada e o teto de 3,6% não incide; Dado que o enquadramento (PAT/não-PAT) é conhecido, Quando o termo é gerado, Então a regra de cálculo correspondente é aplicada",Medium,ADR 0004 (beneficiárias PAT e não-PAT com regras de cálculo distintas) [Assumed],Determinação do enquadramento PAT/não-PAT vem do Novo PAT (E05) ou é declarada no cadastro.,Assumed
US-0224,E02,Marketplace de Cotação e Contratação,Admin plataforma,"Como Admin da plataforma, quero carregar os contratos legados existentes entre beneficiárias e facilitadoras, para que o histórico contratual esteja disponível na plataforma desde o go-live.","Dado um arquivo/carga de contratos legados, Quando executo a importação, Então cada contrato legado é criado com facilitadora, beneficiária, vigência, valor e PDF quando disponível; Dado registros com dados obrigatórios ausentes, Quando a carga roda, Então esses registros são rejeitados em um relatório de erros sem interromper os válidos; Dado que a carga conclui, Quando consulto Meus Contratos, Então os contratos legados aparecem marcados como legado",Medium,ADR 0004 (contratos legados devem ser carregados) [Assumed],Formato/volume da carga legada e origem dos PDFs a confirmar; possível uso de ferramenta de importação de dados.,Assumed
US-0225,E02,Marketplace de Cotação e Contratação,Beneficiária,"Como Beneficiária, quero consultar meus contratos firmados com filtros por facilitadora, status e vigência, para localizar rapidamente cada contrato e suas ações (visualizar, download, enviar folha).","Dado que tenho contratos, Quando acesso Consultar Contratos, Então vejo Contrato, Facilitadora, Beneficiária, Vigência, Valor Mensal, Status e Ações; Dado que filtro por facilitadora/status/vigência, Quando clico em Consultar, Então a lista é filtrada; Dado um contrato ativo, Quando escolho a ação de download, Então o PDF imutável do contrato é baixado",Medium,prototipo-figma tela 7 (Consultar Contratos) [Confirmed],Ação Enviar Folha pertence à épica financeira; aqui apenas a listagem/consulta.,Confirmed
US-0226,E02,Marketplace de Cotação e Contratação,Admin plataforma,"Como Admin da plataforma, quero configurar o catálogo de recursos obrigatórios e o SLA padrão da janela de propostas, para governar as regras do leilão sem depender de desenvolvimento.","Dado que sou Admin, Quando adiciono/edito/desativo um recurso obrigatório no catálogo, Então a mudança reflete nas novas demandas; Dado que ajusto o SLA padrão da janela, Quando uma nova demanda é criada, Então o prazo default aplicado é o configurado; Dado que altero uma configuração, Quando a mudança é salva, Então demandas já publicadas mantêm suas regras originais",Low,prototipo-figma tela 5 (recursos obrigatórios) + discovery (SLA de leilão) [Assumed],Configuração via metadados/custom settings acessível ao Admin.,Assumed
US-0227,E02,Marketplace de Cotação e Contratação,Facilitadora [via API],"Como Facilitadora, quero consultar via API o status das minhas propostas e contratos, para acompanhar resultados sem acessar a plataforma.","Dado que submeti propostas, Quando consulto o endpoint de status, Então recebo o estado de cada proposta minha (Submetida, Não Selecionada, Selecionada/Contratada); Dado que fui selecionada, Quando consulto, Então recebo os dados do contrato a firmar; Dado que consulto propostas de outra facilitadora, Quando a API valida o escopo, Então o acesso é negado",Medium,ADR 0004 (facilitadora opera só via API) + [KB: salesforce-revenue-cloud-marketplace-arch.md:36-38] [Assumed],Endpoint de status orquestrado por E05; escopo por facilitadora garante equidade.,Assumed
US-0228,E02,Marketplace de Cotação e Contratação,Admin plataforma,"Como Admin da plataforma, quero uma trilha de auditoria das ações-chave do ciclo de cotação e contratação, para atender às exigências de auditabilidade (TCU/CGU/ANPD).","Dado que ocorrem eventos-chave (criação de demanda, submissão de proposta, fechamento de janela, seleção, firmatura de contrato, termo de aceite), Quando cada evento acontece, Então é registrado com ator, data/hora e dados relevantes; Dado que audito uma cotação, Quando consulto sua trilha, Então vejo a sequência completa de eventos; Dado que um dado sensível é tratado, Quando é registrado, Então respeita as regras de LGPD",Medium,call-esclarecimento-brief (auditoria TCU/CGU/ANPD como requisito explícito) [Assumed],Trilha detalhada de auditoria reforça E08 (segurança/observabilidade); nível de detalhe a validar.,Assumed
US-0229,E02,Marketplace de Cotação e Contratação,Admin plataforma,"Como Admin da plataforma, quero enriquecer o histórico das facilitadoras com dados do Data Cloud, para dar mais contexto na avaliação de propostas — reconhecendo que este item é candidato a de-escopo na Fase 1.","Dado que o Data Cloud está disponível, Quando visualizo uma facilitadora, Então vejo indicadores de histórico enriquecidos; Dado que o Data Cloud é de-escopado da Fase 1, Quando o recurso está desligado, Então a comparação de propostas continua funcionando sem enriquecimento; Dado o status Assumed deste item, Quando a decisão de escopo é tomada, Então o requisito é confirmado ou movido para roadmap",Low,"ADR 0004 (Data Cloud para enriquecer histórico — Assumed, candidato a de-escopo) [Assumption: confirmar inclusão na Fase 1 com cliente]",Data Cloud fora do escopo confirmado da rodada atual; forte candidato a de-escopo para caber no go-live de 15/nov.,TBD
US-0230,E02,Marketplace de Cotação e Contratação,Facilitadora [via API],"Como Facilitadora, quero que a notificação ativa (push) de novas demandas seja reconhecida como roadmap futuro com canal a definir, para que a Fase 1 dependa apenas do modelo pull.","Dado que a Fase 1 entrega apenas consulta pull, Quando uma nova demanda é publicada, Então nenhuma notificação push é enviada às facilitadoras; Dado que push é roadmap futuro, Quando o item é planejado, Então o canal (e-mail, webhook, etc.) é definido em fase posterior; Dado que dependo do pull, Quando não consulto o endpoint, Então posso perder a janela — risco documentado",Low,"ADR 0004 (notificação push é roadmap futuro, canal a definir; Fase 1 é pull) [Assumption]",Push explicitamente fora da Fase 1; incluído para rastrear a fronteira de escopo.,TBD
US-0301,E03,Folha & Financeiro,Beneficiária,"Como beneficiária, quero fazer upload do arquivo CSV da folha da competência pelo portal, para iniciar o ciclo de pagamento do vale do mês/ano vigente.","Dado que estou autenticada no portal com contrato ativo, quando seleciono a competência (mês/ano) e envio o arquivo CSV, então o sistema registra o upload vinculado ao contrato e à competência; Dado que já existe folha enviada para a mesma competência e contrato, quando tento novo upload, então o sistema alerta duplicidade e exige confirmação de substituição; Dado que o upload é concluído, quando consulto o portal, então vejo o status inicial 'recebido — em validação'",High,BPMN 2 — Folha de Pagamento (upload CSV → processamento → boleto) [.discovery-context.md L73],Layout padronizado do CSV definido pelo MTE/Dataprev; portal Experience Cloud com identidade externa (gov.br),Assumed
US-0302,E03,Folha & Financeiro,Beneficiária,"Como beneficiária integrada, quero submeter a folha da competência via API, para automatizar o envio a partir do meu sistema de RH sem uso do portal.","Dado que possuo credencial de API válida, quando envio a folha por endpoint com contrato e competência, então recebo confirmação síncrona com identificador do arquivo e status 'recebido'; Dado que o payload não traz contrato/competência válidos, quando chamo a API, então recebo erro estruturado com código e motivo; Dado envio idêntico repetido, quando reenvio com o mesmo identificador de idempotência, então o sistema não cria folha duplicada",High,MuleSoft — integração via API [.discovery-context.md L14]; [assumption: contrato de API de upload a definir com Dataprev],Existência de camada de API gerenciada (MuleSoft) para upload; chave de idempotência no header,Assumed
US-0303,E03,Folha & Financeiro,Sistema/plataforma,"Como plataforma, quero validar o layout do arquivo de folha recebido, para rejeitar arquivos fora do padrão antes de qualquer processamento.","Dado um arquivo recebido, quando executo a validação de layout, então verifico cabeçalho, colunas obrigatórias, tipos e encoding esperados; Dado um arquivo com colunas ausentes ou tipo inválido, quando valido, então marco o arquivo como 'crítica de layout' e não o disponibilizo para download; Dado layout conforme, quando concluo a validação de layout, então avanço para a validação de integridade",High,FLUXO passo 2 — plataforma valida layout e integridade [.discovery-context.md]; [assumption: regras de layout a especificar],Especificação de layout congelada antes do build,Assumed
US-0304,E03,Folha & Financeiro,Sistema/plataforma,"Como plataforma, quero validar a integridade e as críticas de negócio do arquivo de folha, para garantir consistência dos dados antes de liberá-lo à facilitadora.","Dado um arquivo com layout válido, quando executo as críticas de integridade (CPF válido, valores não negativos, somatórios, duplicidade de beneficiário), então gero uma lista de críticas classificadas por severidade; Dado ao menos uma crítica bloqueante, quando finalizo a validação, então o arquivo NÃO é habilitado para download; Dado nenhuma crítica bloqueante, quando finalizo, então habilito o arquivo para download da facilitadora",High,FLUXO passos 2–3 [.discovery-context.md]; [assumption: catálogo de críticas a definir com MTE],As linhas da folha NÃO são carregadas em objeto na Fase 1 — validação opera sobre o arquivo; conjunto de críticas a confirmar,Assumed
US-0305,E03,Folha & Financeiro,Sistema/plataforma,"Como plataforma, quero avaliar o uso de Einstein/agente para apoiar as críticas do arquivo, para acelerar a detecção de anomalias sem depender só de regras fixas.","Dado um conjunto de folhas históricas, quando avalio a abordagem de críticas (regras determinísticas vs. Einstein/agente), então documento fit, precisão esperada e custo; Dado a decisão de arquitetura, quando registro o resultado, então fica claro se a detecção assistida entra na Fase 1 ou é diferida; Dado que a abordagem assistida não entra na Fase 1, quando processo a folha, então as críticas determinísticas cobrem o mínimo obrigatório",Medium,"FLUXO passo 2 — 'avaliar Einstein/agente para as críticas' [.discovery-context.md]; [assumption: spike de arquitetura, não build confirmado]",Decisão de usar IA para críticas ainda em aberto — tratada como spike/avaliação,TBD
US-0306,E03,Folha & Financeiro,Beneficiária,"Como beneficiária, quero visualizar as críticas do meu arquivo e reenviá-lo corrigido, para desbloquear o processamento da folha.","Dado que meu arquivo tem críticas bloqueantes, quando acesso o portal, então vejo a relação de críticas com linha/motivo em linguagem clara; Dado que corrijo o arquivo, quando reenvio para a mesma competência, então uma nova validação é disparada; Dado o reenvio sem críticas bloqueantes, quando a validação conclui, então o status muda para 'liberado para a facilitadora'",High,FLUXO passos 2–3 [.discovery-context.md]; [assumption: UX de críticas a desenhar],Beneficiária consegue corrigir e reenviar dentro da janela da competência,Assumed
US-0307,E03,Folha & Financeiro,Sistema/plataforma,"Como plataforma, quero habilitar o arquivo validado para download da facilitadora, para que ela obtenha a folha vinculada ao contrato na vigência mês/ano.","Dado um arquivo sem críticas bloqueantes, quando o habilito, então ele fica disponível somente à facilitadora do contrato correspondente à competência; Dado uma facilitadora sem contrato vigente para aquela competência, quando ela consulta, então nenhum arquivo é retornado; Dado o arquivo habilitado, quando registro a disponibilização, então gravo data/hora do evento para trilha de auditoria",High,FLUXO passo 3 [.discovery-context.md]; [assumption: associação contrato↔vigência a modelar],Um contrato ativo por beneficiária/facilitadora por competência,Assumed
US-0308,E03,Folha & Financeiro,Facilitadora [API],"Como facilitadora, quero baixar via API a folha associada ao meu contrato na vigência da competência, para processá-la no meu sistema de crédito.","Dado que possuo contrato vigente e há folha liberada, quando chamo a API de download informando contrato e competência, então recebo o arquivo e seus metadados; Dado que não há folha liberada, quando chamo a API, então recebo status indicando ausência de folha disponível; Dado o download bem-sucedido, quando a plataforma registra o evento, então o status da folha passa a 'em processamento pela facilitadora'",High,"FLUXO passo 4 [.discovery-context.md]; polling da facilitadora [BPMN 2, L73]",Facilitadora faz polling por competência; ~600–700 facilitadoras integradas,Assumed
US-0309,E03,Folha & Financeiro,Facilitadora [API],"Como facilitadora, quero devolver via API o status 'processado' e o valor a pagar da folha, para que a plataforma inicie a emissão do boleto.","Dado que processei a folha baixada, quando chamo a API de retorno com status 'processado' e valor a pagar, então a plataforma valida o vínculo folha↔contrato↔competência e aceita o retorno; Dado um valor ausente, negativo ou fora de faixa esperada, quando retorno, então recebo erro e o status permanece 'em processamento'; Dado retorno aceito, quando a plataforma o registra, então o status da folha passa a 'processado — pronto para boletagem'",High,FLUXO passo 4 [.discovery-context.md]; [assumption: contrato de API de retorno a definir],Valor a pagar é fornecido pela facilitadora; plataforma não recalcula o valor da folha na Fase 1,Assumed
US-0310,E03,Folha & Financeiro,Sistema/plataforma,"Como plataforma, quero modelar um objeto custom de cabeçalho/competência da folha (sem linhas), para rastrear o ciclo sem carregar os itens da folha na Fase 1.","Dado um upload aceito, quando crio o registro de folha, então persisto cabeçalho (contrato, competência, beneficiária, facilitadora, status, hashes/metadados do arquivo) sem as linhas de beneficiários; Dado o requisito futuro de carregar linhas, quando modelo o objeto, então o desenho não impede evolução para itens; Dado uma consulta ao registro, quando exibo o ciclo, então mostro o histórico de status da folha",High,"'Objetos custom para folha (cabeçalho/competência, sem linhas), contrato e regras de split' [.discovery-context.md]; [assumption: modelo de dados a detalhar]","Carga de linhas da folha é necessidade futura, fora da Fase 1",Assumed
US-0311,E03,Folha & Financeiro,Admin financeiro MTE,"Como administrador financeiro do MTE, quero cadastrar e versionar as regras de cálculo de split, para que o motor aplique os percentuais corretos de repasse.","Dado que acesso a administração de regras, quando cadastro uma regra de split (partes, percentuais/taxas, vigência), então ela é validada quanto a somatório coerente e período de vigência; Dado uma regra com vigência sobreposta a outra, quando salvo, então o sistema impede o conflito; Dado uma alteração de regra, quando salvo, então a versão anterior é preservada para auditoria e reprocessamento histórico",High,'Objetos custom para ... regras de split'; motor de regras (ADR 0003) [.discovery-context.md]; [assumption: parametrização a definir com MTE],Regras parametrizáveis e versionadas; governança de quem edita a definir,Assumed
US-0312,E03,Folha & Financeiro,Sistema/plataforma,"Como plataforma, quero enviar o valor a pagar ao gateway (conta custódia), para solicitar a emissão do boleto registrado.","Dado uma folha com status 'processado' e valor a pagar, quando envio a solicitação ao gateway via integração, então transmito valor, identificadores e dados da conta custódia; Dado falha de comunicação com o gateway, quando envio, então a solicitação é reenfileirada com retry controlado e sem duplicar emissão; Dado o envio aceito, quando registro o evento, então o status passa a 'boleto solicitado'",High,FLUXO passo 5; split → integração externa com banco/adquirente (via MuleSoft) [KB: salesforce-revenue-cloud-marketplace-arch.md:34]; conta custódia [.discovery-context.md L24],Gateway executa transação bancária/custódia — fora do escopo Salesforce (ADR 0003),Assumed
US-0313,E03,Folha & Financeiro,Gateway [fronteira],"Como gateway, quero devolver à plataforma o boleto registrado com seus metadados e link, para que a plataforma o disponibilize à beneficiária.","Dado uma solicitação de emissão aceita, quando o gateway registra o boleto, então retorna à plataforma linha digitável/código, valor, vencimento e link do boleto; Dado que o retorno chega, quando a plataforma o processa, então associa o boleto à folha/competência e atualiza o status para 'boleto registrado'; Dado um retorno já processado, quando chega novamente, então a plataforma o trata de forma idempotente sem duplicar o boleto",High,FLUXO passo 5 — recebe boleto registrado + metadados/link [.discovery-context.md]; boleto Bolex/Pix [.discovery-context.md L24],Gateway é a fronteira que emite/registra o boleto; plataforma apenas orquestra e registra,Assumed
US-0314,E03,Folha & Financeiro,Beneficiária,"Como beneficiária, quero acessar o boleto registrado no portal, para efetuar o pagamento da folha da competência.","Dado que o boleto foi registrado, quando acesso o portal, então visualizo linha digitável, valor, vencimento e link do boleto da competência; Dado que o boleto ainda não foi registrado, quando acesso, então vejo o status corrente sem boleto disponível; Dado que baixo/visualizo o boleto, quando o evento ocorre, então fica registrado para trilha de auditoria",High,FLUXO passo 6 — boleto disponibilizado à beneficiária no portal [.discovery-context.md],Portal exibe boleto sem processar o pagamento (pagamento ocorre no banco),Assumed
US-0315,E03,Folha & Financeiro,Sistema/plataforma,"Como plataforma, quero receber do gateway as movimentações bancárias em batch incremental por agendamento no MuleSoft, para identificar os pagamentos realizados.","Dado um agendamento definido, quando o job do MuleSoft executa, então busca apenas movimentações novas desde a última execução (incremental por marca d'água); Dado o lote recebido, quando o ingiro, então persisto as movimentações com identificadores de origem para conciliação; Dado uma execução que falha no meio, quando reprocesso, então não duplico movimentações já ingeridas",High,FLUXO passo 7 — movimentações bancárias em batch incremental via agendamento no MuleSoft (E05) [.discovery-context.md],Integração de movimentações é do domínio da épica E05; E03 consome o resultado,Assumed
US-0316,E03,Folha & Financeiro,Sistema/plataforma,"Como plataforma, quero conciliar cada movimentação bancária ao boleto por casamento, para confirmar o pagamento da folha correspondente.","Dado movimentações ingeridas, quando executo a conciliação por casamento, então associo cada pagamento ao boleto/folha por valor, identificador e data; Dado uma movimentação sem correspondência, quando a concilio, então a marco como 'não casada' e a envio para revisão manual; Dado um pagamento casado, quando confirmo, então o status da folha passa a 'pagamento identificado' e habilito o cálculo de split",High,FLUXO passo 8; ADR 0003 — Salesforce concilia por casamento e registra racional [.discovery-context.md],Chave de casamento (identificador do boleto) trafega na movimentação bancária,Assumed
US-0317,E03,Folha & Financeiro,Sistema/plataforma,"Como plataforma, quero garantir idempotência em todo o processamento financeiro, para evitar boletagem, conciliação ou repasse em duplicidade.","Dado um evento (upload, retorno, movimentação, boletagem) reentregue, quando o processo, então uma chave de idempotência impede efeito duplicado; Dado uma reexecução de job, quando roda, então os registros já processados são ignorados e apenas os pendentes avançam; Dado uma tentativa de gerar repasse já emitido, quando ocorre, então o sistema bloqueia e registra a tentativa",High,'Idempotência e conciliação por casamento são críticas' [.discovery-context.md],Chaves de idempotência definidas por tipo de evento,Assumed
US-0318,E03,Folha & Financeiro,Sistema/plataforma,"Como plataforma, quero, ao identificar o pagamento, consultar as regras de cálculo de split vigentes, para determinar os repasses às partes.","Dado um pagamento identificado, quando aciono o motor de split, então busco a regra de split vigente na data do evento; Dado que não há regra vigente aplicável, quando calculo, então bloqueio o cálculo e registro a exceção para revisão; Dado a regra encontrada, quando a aplico, então derivo os valores por parte (facilitadora, MTE/Dataprev, demais empresas)",High,FLUXO passo 8; ADR 0003 — Salesforce é o motor de regras de split [.discovery-context.md]; split entre múltiplas partes é custom [KB: salesforce-revenue-cloud-marketplace-arch.md:34],Split apurado sobre o valor efetivamente pago (conciliado),Assumed
US-0319,E03,Folha & Financeiro,Sistema/plataforma,"Como plataforma, quero aplicar o teto de taxa (MDR) de 3,6% no cálculo do split, para respeitar o limite regulatório da reforma de nov/2025.","Dado o cálculo de split, quando aplico a taxa cobrada dos estabelecimentos, então ela nunca excede 3,6%; Dado uma regra parametrizada acima do teto, quando o motor calcula, então a taxa é limitada a 3,6% e a divergência é registrada; Dado o cálculo concluído, quando registro o racional, então explicito a taxa aplicada e o teto vigente",High,"Reforma nov/2025 — taxa máxima 3,6% [.discovery-context.md L35]","Teto de 3,6% é o limite regulatório aplicável ao split na Fase 1",Assumed
US-0320,E03,Folha & Financeiro,Sistema/plataforma,"Como plataforma, quero distinguir transações PAT de não-PAT no cálculo do split, para aplicar a regra correta a cada tipo de operação.","Dado uma transação a apurar, quando determino sua classificação, então identifico se é PAT ou não-PAT conforme critério parametrizado; Dado uma transação PAT, quando calculo o split, então aplico a regra específica do PAT; Dado uma transação não-PAT, quando calculo, então aplico a regra correspondente e o racional registra a classificação usada",Medium,'distinção PAT vs não-PAT no cálculo' [.discovery-context.md]; [assumption: critério de classificação a confirmar com MTE],Existe regra distinta para operações fora do PAT; critério de classificação a definir,Assumed
US-0321,E03,Folha & Financeiro,Sistema/plataforma,"Como plataforma, quero calcular o repasse à facilitadora e às demais empresas, para gerar as boletagens de repasse do ciclo.","Dado uma regra de split aplicada, quando calculo os repasses, então gero um valor por parte com soma igual ao valor conciliado; Dado arredondamentos, quando distribuo, então a diferença de centavos é tratada por regra determinística e registrada; Dado o cálculo concluído, quando finalizo, então cada repasse fica pronto para boletagem com sua parte identificada",High,FLUXO passo 8 — calcula repasse à facilitadora e demais empresas [.discovery-context.md],Número e identidade das 'demais empresas' na cadeia a confirmar,Assumed
US-0322,E03,Folha & Financeiro,Sistema/plataforma,"Como plataforma, quero controlar o prazo de repasse em até 15 dias, para cumprir o prazo regulatório de repasse às redes credenciadas.","Dado um pagamento identificado, quando inicio o ciclo de repasse, então calculo a data-limite de até 15 dias a partir do evento definido em regra; Dado que um repasse se aproxima do limite sem emissão, quando monitoro, então gero alerta ao time financeiro; Dado um repasse emitido, quando registro, então gravo a data efetiva para aferição do cumprimento do prazo",High,Reforma nov/2025 — prazo de repasse até 15 dias [.discovery-context.md L35],Marco inicial da contagem dos 15 dias a confirmar (pagamento vs. conciliação),Assumed
US-0323,E03,Folha & Financeiro,Sistema/plataforma,"Como plataforma, quero emitir as boletagens de repasse e entregá-las ao gateway via MuleSoft, para que o gateway execute as transações bancárias das partes.","Dado repasses calculados, quando emito as boletagens, então gero uma instrução por parte com valor, identificador e destino; Dado a entrega ao gateway via MuleSoft, quando transmito, então uso idempotência para não reenviar repasse já entregue; Dado a confirmação do gateway, quando a recebo, então atualizo o status do repasse para 'entregue ao gateway'",High,FLUXO passo 8 — entrega via MuleSoft ao gateway; ADR 0003 — gateway executa transações [.discovery-context.md],Gateway executa a liquidação bancária; Salesforce só orquestra e emite a instrução,Assumed
US-0324,E03,Folha & Financeiro,Admin financeiro MTE,"Como administrador financeiro do MTE, quero que o sistema registre o racional completo do ciclo (datas, split, boletagens), para dispor de trilha de auditoria do repasse.","Dado um ciclo processado, quando consulto o racional, então vejo datas dos eventos, regra/versão de split aplicada, valores por parte e boletagens emitidas; Dado uma regra alterada depois, quando consulto ciclos antigos, então o racional reflete a versão vigente à época; Dado uma auditoria, quando exporto o racional, então obtenho um registro imutável e rastreável por folha/competência",High,"FLUXO passo 8 — registra racional (datas, split, boletagens) [.discovery-context.md]; lógica financeira sensível [L65]",Racional imutável (append-only); retenção conforme exigência do MTE,Assumed
US-0325,E03,Folha & Financeiro,Beneficiária,"Como beneficiária, quero ver um status consolidado 'crédito concedido' no portal, para acompanhar de forma simples o resultado do ciclo sem detalhes financeiros internos.","Dado que o repasse do ciclo foi concluído, quando acesso o portal, então vejo o status consolidado 'crédito concedido' para a competência; Dado que o ciclo ainda está em andamento, quando acesso, então vejo um status intermediário simplificado; Dado a UI simplificada, quando visualizo, então não são expostos os detalhes internos de split/boletagem",Medium,'UI simplificada: status consolidado crédito concedido' [.discovery-context.md],Consolidação de múltiplos eventos internos em um único status voltado à beneficiária,Assumed
US-0326,E03,Folha & Financeiro,Sistema/plataforma,"Como plataforma, quero disparar notificação à empresa quando o crédito é concedido, para informar a beneficiária sobre a conclusão do ciclo.","Dado que o status muda para 'crédito concedido', quando o gatilho dispara, então uma notificação é enviada à empresa pelo canal configurado; Dado falha no envio, quando ocorre, então há reintento e registro do resultado; Dado a notificação enviada, quando consulto o registro, então vejo data/hora e status de entrega",Medium,'gatilho de notificação à empresa' [.discovery-context.md]; [assumption: canal de notificação a definir],Canal (e-mail/portal) e conteúdo da notificação a definir,Assumed
US-0327,E03,Folha & Financeiro,Sistema/plataforma,"Como plataforma, quero enviar à CTPS Digital a 'expectativa de crédito' do trabalhador, para monitoramento na Fase 1, sem gestão de saldo.","Dado um ciclo com crédito concedido, quando aciono a integração da CTPS Digital, então envio um aviso de 'expectativa de crédito' (modelo similar ao FGTS); Dado que a Fase 1 é só monitoramento, quando envio, então não há gestão de saldo nem consulta de extrato; Dado falha de integração, quando ocorre, então o evento é reenfileirado sem bloquear o ciclo financeiro",Low,"'via CTPS Digital (expectativa de crédito, só monitoramento na Fase 1)' [.discovery-context.md]; CTPS Digital [L26]",Escopo CTPS na Fase 1 restrito a aviso/monitoramento; contrato de integração a confirmar,Assumed
US-0328,E03,Folha & Financeiro,Admin financeiro MTE,"Como administrador financeiro do MTE, quero tratar as movimentações não casadas e as exceções do ciclo, para resolver pagamentos que não conciliaram automaticamente.","Dado uma movimentação 'não casada', quando abro a fila de exceções, então vejo o valor, a origem e as possíveis correspondências sugeridas; Dado que faço o casamento manual, quando confirmo, então o ciclo de split é habilitado para aquela folha e a ação fica registrada; Dado uma exceção sem resolução no prazo, quando monitoro, então ela é escalada com alerta",Medium,FLUXO passo 8 — conciliação por casamento; casos não casados [.discovery-context.md]; [assumption: fluxo de exceção a desenhar],Necessário um backoffice de exceções para o time financeiro,Assumed
US-0329,E03,Folha & Financeiro,Admin financeiro MTE,"Como administrador financeiro do MTE, quero relatórios de conciliação e repasses por competência, para acompanhar volumes, prazos e taxas aplicadas.","Dado um período/competência, quando gero o relatório, então vejo folhas processadas, valores conciliados, repasses por parte e taxa (MDR) aplicada; Dado o relatório, quando filtro por prazo de repasse, então identifico ciclos que cumpriram ou não o limite de 15 dias; Dado a exportação, quando solicito, então obtenho o dado em formato tabular para auditoria",Low,"Módulo financeiro/split + monitoramento MTE [.discovery-context.md L24,L26]; [assumption: KPIs de relatório a confirmar]",Relatórios operacionais internos; não é o monitoramento analítico da E04,Assumed
US-0330,E03,Folha & Financeiro,Sistema/plataforma,"Como plataforma, quero orquestrar as transições de status da folha ao longo do ciclo, para dar rastreabilidade fim-a-fim de recebido a crédito concedido.","Dado o ciclo da folha, quando cada evento ocorre, então o status transiciona por uma máquina de estados definida (recebido → validado → liberado → processado → boleto registrado → pago → repasse → crédito concedido); Dado uma transição inválida, quando é tentada, então é bloqueada e registrada; Dado qualquer status, quando consulto a folha, então vejo o histórico ordenado de transições com carimbo de tempo",Medium,Core Platform — orquestração de status [.discovery-context.md L16]; ADR 0003 — Salesforce orquestra [.discovery-context.md],Conjunto de estados a validar com o processo publicado,Assumed
US-0331,E03,Folha & Financeiro,Facilitadora [API],"Como facilitadora, quero consultar via API o status corrente de uma folha e seus boletos de repasse, para reconciliar no meu sistema sem depender do portal.","Dado um contrato e competência, quando consulto o status via API, então recebo o estado atual da folha e datas dos eventos-chave; Dado que há repasses emitidos, quando consulto, então recebo os identificadores/valores das boletagens de repasse da minha parte; Dado uma folha inexistente para os parâmetros, quando consulto, então recebo resposta estruturada indicando ausência",Low,MuleSoft — integração via API com facilitadoras [.discovery-context.md L14]; [assumption: endpoint de consulta a definir],Facilitadora precisa de visibilidade transacional além do polling de download,Assumed
US-0401,E04,Credenciamento de Estabelecimentos,Estabelecimento,"Como Estabelecimento, quero iniciar meu credenciamento entrando com gov.br e selecionando a PJ que represento, para me cadastrar uma única vez e ser aceito por todas as bandeiras/facilitadoras.","Dado que acesso o portal, Quando clico em 'Entrar com gov.br', Então sou autenticado e vejo as PJs para as quais tenho autorização (procuração digital); Dado que seleciono um CNPJ, Quando confirmo, Então o sistema abre o formulário de credenciamento vinculado àquele estabelecimento; Dado que não possuo vínculo válido com nenhuma PJ, Quando tento prosseguir, Então o sistema bloqueia e orienta como obter autorização",High,".discovery-context.md L244,L257,L386 (pré-cadastro via gov.br PJ; login para representar estabelecimento)","Autenticação gov.br PJ via Geride/MuleSoft, mesmo padrão da beneficiária (E01).",Confirmed
US-0402,E04,Credenciamento de Estabelecimentos,Estabelecimento,"Como Estabelecimento, quero subir os documentos exigidos (incluindo licença de vigilância sanitária), para comprovar minha aptidão a vender alimentação/refeição.","Dado que estou no formulário de credenciamento, Quando faço upload de um documento, Então o sistema registra o arquivo, o tipo e a data de envio; Dado que envio um formato/tamanho inválido, Quando confirmo, Então o sistema rejeita e informa o motivo; Dado que concluo os uploads obrigatórios, Quando submeto, Então o registro passa para status 'pendente de análise'",High,".discovery-context.md L302 (subir documentos, licença de vigilância sanitária)",Lista definitiva de documentos ainda em elaboração com o Ministério.,Confirmed
US-0403,E04,Credenciamento de Estabelecimentos,Estabelecimento,"Como Estabelecimento, quero um assistente de credenciamento que me oriente sobre quais documentos preciso e por que meu cadastro está pendente, para concluir o credenciamento sem depender de suporte manual.","Dado que tenho dúvida durante o cadastro, Quando pergunto ao assistente 'quais documentos preciso', Então ele responde com a lista aplicável ao meu caso; Dado que meu cadastro está pendente, Quando pergunto o motivo, Então o assistente explica a pendência e a próxima ação; Dado que o assistente não sabe responder, Quando a dúvida foge do escopo, Então ele encaminha para canal de atendimento humano",Medium,.discovery-context.md L257 (assistente de credenciamento orienta documentos e pendências),"Assistente IA faz parte do contrato Dataprev; escopo conversacional/informacional, sem decisão de crédito.",Assumed
US-0404,E04,Credenciamento de Estabelecimentos,Administrador da Plataforma (Dataprev),"Como Administrador da Plataforma, quero que cada submissão crie um registro do estabelecimento na base nacional unificada com status controlado, para centralizar a fiscalização e permitir consulta pelas adquirentes.","Dado que um estabelecimento submete o credenciamento, Quando o registro é criado, Então ele nasce com status 'pendente' na base nacional unificada, identificado por CNPJ; Dado que o CNPJ já existe na base, Quando ocorre nova submissão, Então o sistema atualiza o registro existente em vez de duplicar; Dado que o status muda, Quando qualquer transição ocorre, Então a máquina de estado impede transições inválidas",High,".discovery-context.md L257,L403,L409 (registro pendente na base nacional unificada; gestão de cadastro no portal)",Base unificada reside na org dedicada (candidata a ADR de residência).,Confirmed
US-0405,E04,Credenciamento de Estabelecimentos,Administrador da Plataforma (Dataprev),"Como Administrador da Plataforma, quero rotinas automáticas que validem CNPJ ativo e CNAE compatível com venda de alimentação, para aprovar automaticamente os casos simples e reduzir análise manual.","Dado que um credenciamento entra em análise, Quando as rotinas rodam, Então o sistema verifica CNPJ ativo e CNAE compatível com alimentação/refeição; Dado que todas as validações automáticas passam, Quando não há exceção, Então o caso segue o fluxo automatizado; Dado que uma validação falha, Quando a rotina conclui, Então o registro é marcado para transbordo humano com o motivo da falha",High,".discovery-context.md L244 (CNPJ ativo, CNAE compatível, regularidade sanitária); L481 (validação de estabelecimentos)",Integração com fonte de CNPJ/CNAE via MuleSoft; regularidade sanitária depende de dado externo (ver US-0409).,Confirmed
US-0406,E04,Credenciamento de Estabelecimentos,Analista MTE,"Como Analista MTE, quero uma fila de análise onde avalio documento a documento marcando Válido ou Inválido com motivo, para instruir o parecer de credenciamento com rastreabilidade.","Dado que existem credenciamentos que caíram em transbordo, Quando abro minha fila, Então vejo os casos pendentes priorizados; Dado que abro um caso, Quando avalio cada documento, Então posso marcar 'Válido' ou 'Inválido' e, se inválido, registrar o motivo obrigatório; Dado que marco documentos, Quando salvo, Então cada decisão é registrada com autor e data-hora na trilha de auditoria",High,".discovery-context.md L257,L262,L400,L409 (análise pelo MTE, item a item, gestão no portal)",Epic define análise doc-a-doc pelo Analista MTE; papel legal de aprovar/descredenciar permanece com a facilitadora (ver US-0413/US-0414).,Confirmed
US-0407,E04,Credenciamento de Estabelecimentos,Analista MTE,"Como Analista MTE, quero emitir um parecer de Deferido, Exigência complementar ou Indeferido, para concluir formalmente a análise do credenciamento.","Dado que avaliei os documentos de um caso, Quando emito parecer 'Deferido', Então o registro avança para aprovação/credenciamento; Dado que emito 'Exigência complementar', Quando confirmo, Então o estabelecimento é notificado com as pendências e o caso aguarda reenvio; Dado que emito 'Indeferido', Quando confirmo, Então o registro fica indeferido com motivo e o estabelecimento é notificado",High,".discovery-context.md L257,L262 (análise e decisão sobre o credenciamento)",Fluxo de parecer alinhado ao desenho do epic; workflow de aprovação como máquina de estado.,Confirmed
US-0408,E04,Credenciamento de Estabelecimentos,Analista MTE,"Como Analista MTE, quero que apenas as exceções da validação automática cheguem à minha fila (transbordo humano), para concentrar o esforço nos casos que realmente exigem análise.","Dado que um credenciamento passa em todas as validações automáticas, Quando não há exceção, Então ele NÃO entra na fila do analista e segue automatizado; Dado que uma validação automática falha ou exige julgamento (ex.: licença sanitária), Quando a rotina conclui, Então o caso é roteado para transbordo humano; Dado que um caso está em transbordo, Quando o abro, Então vejo o motivo que disparou o transbordo",High,.discovery-context.md L244 (fluxo automatizado com exceções); epic (transbordo humano),Critérios exatos de transbordo a refinar com o MTE.,Confirmed
US-0409,E04,Credenciamento de Estabelecimentos,Administrador da Plataforma (Dataprev),"Como Administrador da Plataforma, quero registrar a data de validade da licença de vigilância sanitária como parâmetro mínimo comum, para controlar a vigência sem depender de uma base municipal unificada inexistente.","Dado que o estabelecimento envia a licença sanitária, Quando o registro é criado, Então o campo obrigatório 'data de validade' é armazenado; Dado que a data de validade está no passado, Quando o sistema avalia, Então a licença é considerada vencida e bloqueia o credenciamento ativo; Dado que existem 5000+ padrões municipais de licença, Quando não há campos estruturados adicionais, Então o sistema opera apenas com a data de validade como mínimo comum",High,".discovery-context.md L262,L386,L392 (licença sanitária com prazo; sem base unificada; validade como parâmetro)","Sem base nacional de vigilância sanitária; integração direta com órgãos sanitários é ideal futuro, não garantido na Fase 1.",Confirmed
US-0410,E04,Credenciamento de Estabelecimentos,Estabelecimento,"Como Estabelecimento, quero que a IA extraia automaticamente alguns campos da minha licença sanitária (como a data de validade), para reduzir digitação e erros no cadastro.","Dado que faço upload da licença sanitária, Quando a IA processa o documento, Então ela sugere a data de validade e demais campos extraíveis; Dado que a IA extrai um campo, Quando reviso, Então posso confirmar ou corrigir o valor antes de submeter; Dado que a IA não consegue extrair um campo, Quando o documento é ilegível/não padronizado, Então o sistema solicita o preenchimento manual",Low,.discovery-context.md L262 (IA pode extrair alguns campos); epic (IA extraction of license fields),Capacidade e escopo da extração por IA sobre 5000+ padrões municipais ainda não validados; humano sempre revisa.,Assumed
US-0411,E04,Credenciamento de Estabelecimentos,Estabelecimento,"Como Estabelecimento, quero receber alertas antes do vencimento de documentos e licenças, para renovar a tempo e não perder o credenciamento.","Dado que uma licença/documento tem data de validade cadastrada, Quando faltar o prazo configurado (ex.: 30 dias) para vencer, Então o sistema envia alerta ao estabelecimento; Dado que a data de validade expira, Quando não houve renovação, Então o sistema gera alerta de vencimento e sinaliza o registro; Dado que renovo o documento, Quando a nova validade é aceita, Então os alertas daquele documento são encerrados",High,".discovery-context.md L387,L392 (portal avisa vencimento de licença; alertas de renovação)","Canal de alerta (portal, e-mail, WhatsApp) a confirmar; janela de antecedência configurável.",Confirmed
US-0412,E04,Credenciamento de Estabelecimentos,Estabelecimento,"Como Estabelecimento, quero renovar minha licença/documentos pelo portal quando estiverem próximos do vencimento, para manter meu credenciamento ativo.","Dado que meu documento está próximo do vencimento ou vencido, Quando acesso o portal, Então vejo a opção de renovar e substituir o documento; Dado que envio o documento renovado com nova data de validade, Quando submeto, Então o registro entra em revisão conforme as regras (automática ou transbordo); Dado que a renovação é aceita, Quando concluída, Então o status volta a ativo/credenciado e a nova validade passa a valer",High,".discovery-context.md L386,L392 (estabelecimento entra para renovar licença vencida)",Renovação reutiliza o mesmo fluxo de validação/análise do credenciamento inicial.,Confirmed
US-0413,E04,Credenciamento de Estabelecimentos,Facilitadora,"Como Facilitadora, quero aprovar o credenciamento do estabelecimento (papel legal de custódia), para autorizar formalmente sua operação após a análise.","Dado que um credenciamento recebeu parecer favorável, Quando acesso o caso, Então posso registrar a aprovação formal em nome do meu papel legal; Dado que aprovo, Quando confirmo, Então o estabelecimento passa a 'credenciado' e é notificado de que pode aceitar cartões; Dado que a aprovação ocorre, Quando é registrada, Então autor, data-hora e justificativa ficam na trilha de auditoria",High,".discovery-context.md L244,L246 (facilitadora mantém responsabilidade legal de credenciar); epic",Divisão exata de responsabilidade Analista MTE (análise) vs Facilitadora (ato legal) ainda em discussão com o Ministério.,Confirmed
US-0414,E04,Credenciamento de Estabelecimentos,Facilitadora,"Como Facilitadora, quero descredenciar um estabelecimento (ex.: por perda de licença ou irregularidade), para retirá-lo do programa de forma rastreável.","Dado que identifico irregularidade ou vencimento não renovado, Quando descredencio o estabelecimento, Então informo o motivo obrigatório; Dado que o descredenciamento é confirmado, Quando salvo, Então o status na base nacional unificada muda para 'descredenciado' e passa a refletir nas consultas das adquirentes; Dado que o descredenciamento ocorre, Quando é registrado, Então autor, motivo e data-hora ficam na trilha de auditoria",High,".discovery-context.md L244,L392,L400 (descredenciamento por facilitadora/MTE; vigilância sanitária cria motivo)",MTE também deseja poder de descredenciar via sistema de gestão; papel entre MTE e facilitadora a definir.,Confirmed
US-0415,E04,Credenciamento de Estabelecimentos,Adquirente (via API),"Como Adquirente (via API), quero consultar por CNPJ se um estabelecimento está credenciado e apto, para só processar transações de vale alimentação/refeição de estabelecimentos válidos.","Dado que possuo token válido (client credentials), Quando consulto a base por CNPJ, Então recebo o status de credenciamento (credenciado/descredenciado/pendente) do estabelecimento; Dado que um estabelecimento foi descredenciado, Quando consulto após a atualização, Então o retorno reflete o novo status para eu bloquear a venda; Dado que envio token inválido ou excedo o rate limit, Quando chamo a API, Então recebo erro apropriado e a chamada é negada",High,".discovery-context.md L306,L309,L331,L481,L482 (adquirente consulta base por CNPJ antes de processar; token/rate limit)",Fronteira com E05 (integração técnica); atualização pode ser online ou batch (D+n) — periodicidade a confirmar.,Confirmed
US-0416,E04,Credenciamento de Estabelecimentos,Auditor MTE,"Como Auditor MTE, quero uma trilha de auditoria completa de todo o ciclo de credenciamento, para atender exigências de LGPD, TCU e CGU e responder a fiscalizações.","Dado que qualquer decisão ocorre (documento válido/inválido, parecer, aprovação, descredenciamento), Quando o evento é gravado, Então a trilha registra autor, ação, data-hora e motivo; Dado que dados sensíveis (ex.: CPF) transitam, Quando são gravados nos logs, Então aparecem mascarados; Dado que preciso auditar um estabelecimento, Quando consulto seu histórico, Então vejo a linha do tempo completa e imutável das decisões",High,".discovery-context.md L67,L162,L436,L438,L478 (auditoria TCU/CGU/ANPD; CPF mascarado; observabilidade)",Retenção e imutabilidade da trilha conforme requisitos regulatórios a especificar.,Confirmed
US-0417,E04,Credenciamento de Estabelecimentos,Estabelecimento,"Como Estabelecimento, quero uma área no portal para ver o status do meu credenciamento e gerenciar meus dados e documentos, para acompanhar minha situação sem abrir chamados.","Dado que estou logado, Quando acesso 'Meu cadastro', Então vejo se estou credenciado, pendente ou descredenciado e o motivo quando aplicável; Dado que quero atualizar dados, Quando edito informações permitidas, Então as alterações são registradas e, se necessário, disparam nova análise; Dado que tenho documentos com validade, Quando abro a área de documentos, Então vejo cada documento, sua data de validade e status",Medium,".discovery-context.md L257,L302,L409 (parte do portal para visualização/gestão do estabelecimento)",Portal do estabelecimento não exibe repasses financeiros na Fase 1 (fica com adquirente).,Confirmed
US-0418,E04,Credenciamento de Estabelecimentos,Administrador da Plataforma (Dataprev),"Como Administrador da Plataforma, quero uma carga inicial dos estabelecimentos hoje mantidos pelas facilitadoras, marcando-os como 'migrado', para popular a base nacional unificada sem exigir recadastro imediato de ~800 mil estabelecimentos.","Dado que recebo os arquivos das facilitadoras consolidados, Quando executo a carga inicial, Então os estabelecimentos entram na base com marcação 'migrado' e status credenciado; Dado que se trata de dado migrado, Quando a carga ocorre, Então nenhum batimento/validação é aplicado (entrada direta conforme decisão do MTE); Dado que a carga conclui, Quando reconcilio, Então tenho contagem de registros carregados, rejeitados e duplicados por CNPJ",High,".discovery-context.md L380 (carga inicial das tabelas das facilitadoras, marcado migrado, sem batimento)",Formato final do arquivo único e processo de extração das facilitadoras ainda indefinidos.,Assumed
US-0419,E04,Credenciamento de Estabelecimentos,Estabelecimento,"Como Estabelecimento, quero atender a uma 'Exigência complementar' reenviando ou corrigindo o que foi apontado, para retomar a análise sem recomeçar o credenciamento do zero.","Dado que meu parecer foi 'Exigência complementar', Quando acesso o caso, Então vejo exatamente quais pendências devo resolver; Dado que reenvio os documentos/informações solicitados, Quando submeto, Então o caso retorna à fila de análise no ponto de exigência, preservando o histórico anterior; Dado que não atendo a exigência no prazo configurado, Quando o prazo expira, Então o sistema sinaliza o caso conforme a regra definida (ex.: alerta ao analista)",Medium,".discovery-context.md L262 (parecer com exigência; item a item, em elaboração com o Ministério)",Prazo de atendimento da exigência e consequência do não atendimento a definir com o MTE.,Assumed
US-0501,E05,Integração Corporativa (MuleSoft),Desenvolvedor/integrador,"Como desenvolvedor/integrador, quero estruturar a camada de integração em API-led connectivity (System, Process e Experience APIs) no Anypoint Platform, para que cada sistema externo seja desacoplado da lógica de orquestração e do consumo pelos portais.","Dado o Anypoint Platform provisionado, Quando o projeto de integração é iniciado, Então existem três camadas nomeadas — System APIs (1 por sistema de origem), Process APIs (orquestração de negócio) e Experience APIs (consumo por Experience Cloud/Agentforce); Dado uma nova integração, Quando ela é criada, Então segue o padrão de camadas sem que a Experience API acesse diretamente uma System API; Dado o Anypoint Exchange, Quando uma API é publicada, Então seu contrato (RAML/OAS) fica versionado e reutilizável",High,"discovery-context 00 (MuleSoft in-scope, 600-700 facilitadoras justificam API) [KB: salesforce-revenue-cloud-marketplace-arch.md:36-52]",Anypoint Platform licenciado e disponível no ambiente Dataprev,Confirmed
US-0502,E05,Integração Corporativa (MuleSoft),Desenvolvedor/integrador,"Como desenvolvedor/integrador, quero gerir e monitorar as APIs pelo API Manager, para aplicar políticas de segurança e observar tráfego de forma centralizada.","Dado uma API publicada, Quando aplico uma policy (client-id enforcement, rate limit, logging), Então ela passa a vigorar sem redeploy do código; Dado tráfego em produção, Quando consulto o API Manager, Então vejo métricas de latência, throughput e erros por API; Dado um consumidor não registrado, Quando ele chama a API, Então a chamada é rejeitada pela policy",High,discovery-context 00; [KB: salesforce-revenue-cloud-marketplace-arch.md:36-52] (API Manager),,Confirmed
US-0503,E05,Integração Corporativa (MuleSoft),Desenvolvedor/integrador,"Como desenvolvedor/integrador, quero um framework mock-first (mocking service / MUnit) para cada sistema ainda sem Swagger, para que o desenvolvimento e os testes do marketplace não fiquem bloqueados pela ausência de contratos reais.","Dado um sistema sem contrato publicado, Quando defino sua System API, Então existe um mock que responde com payloads representativos e códigos de erro simulados; Dado o mock ativo, Quando os times de Experience/Core consomem a API, Então o comportamento é indistinguível do futuro serviço real do ponto de vista do contrato; Dado um cenário de teste, Quando executo o MUnit, Então o mock cobre casos de sucesso e falha",High,discovery-context 00 (mocks/simulações enquanto integração real é construída; sem Swagger hoje),Mock-first é obrigatório enquanto Swaggers/contratos não são disponibilizados,Assumed
US-0504,E05,Integração Corporativa (MuleSoft),Desenvolvedor/integrador,"Como desenvolvedor/integrador, quero uma estratégia contract-first que permita trocar o mock pela integração real assim que o Swagger chegar, para minimizar retrabalho quando os contratos forem disponibilizados.","Dado que um Swagger real é recebido, Quando substituo o backend do mock pela implementação real, Então nenhum consumidor da API precisa alterar sua chamada; Dado divergência entre o mock e o contrato real, Quando comparo os schemas, Então o diff é reportado explicitamente; Dado a troca, Quando executo a suíte de testes, Então os testes de contrato passam contra o serviço real",Medium,discovery-context 00 (conhecimento das APIs em tempo de projeto),"Contratos reais chegarão durante o projeto, não antes do kick-off",Assumed
US-0505,E05,Integração Corporativa (MuleSoft),Sistema/plataforma,"Como plataforma, quero autenticar consumidores externos (facilitadoras, adquirente) via client credentials flow com connected app de escopo restrito, para que cada integrador acesse apenas os recursos autorizados.","Dado um integrador aprovado, Quando ele solicita um token com client_id/secret, Então recebe um access token com escopo limitado aos endpoints contratados; Dado um token com escopo restrito, Quando o consumidor tenta um endpoint fora do escopo, Então recebe 403; Dado credenciais inválidas, Quando o token é solicitado, Então a plataforma responde 401 sem vazar detalhes",High,"E05 (client credentials flow, connected app com escopo restrito)",Machine-to-machine (server-to-server); facilitadoras/adquirente não usam login gov.br,Confirmed
US-0506,E05,Integração Corporativa (MuleSoft),Sistema/plataforma,"Como plataforma, quero validar o token de acesso em cada chamada aplicando rate limit por consumidor, para proteger os backends soberanos contra abuso e picos (ex.: fechamento de mês).","Dado um consumidor autenticado, Quando ele excede o limite de requisições configurado, Então recebe 429 com header de retry; Dado um token expirado ou revogado, Quando é apresentado, Então a chamada é rejeitada com 401; Dado o pico de fechamento de mês, Quando muitas facilitadoras chamam simultaneamente, Então o rate limit protege os sistemas de origem sem derrubar a plataforma",High,E05 (validação de token com rate limit); discovery-context 02 (pico de recargas no fechamento de mês),,Confirmed
US-0507,E05,Integração Corporativa (MuleSoft),Sistema/plataforma,"Como plataforma, quero cachear resultados de validação de token e consultas idempotentes de baixa volatilidade, para reduzir latência e carga sobre os sistemas de origem.","Dado uma validação de token recente, Quando a mesma requisição chega dentro do TTL, Então a validação usa o cache em vez de reprocessar; Dado dado sensível (CPF de-tokenizado), Quando avalio o que cachear, Então esse dado NÃO é armazenado em cache; Dado expiração do TTL, Quando nova chamada chega, Então o cache é revalidado contra a origem",Medium,E05 (cache); ADR 0005 (dado sensível),Política de cache não pode reter CPF em claro,Assumed
US-0508,E05,Integração Corporativa (MuleSoft),Sistema/plataforma,"Como plataforma, quero realizar a de-tokenização do CPF em runtime dentro do perímetro soberano (MuleSoft on-premise, ADR 0005), para que o CPF em claro nunca transite nem seja persistido fora da infraestrutura Dataprev/gov.","Dado um payload com CPF tokenizado saindo da nuvem, Quando ele atravessa a camada MuleSoft on-premise, Então a de-tokenização ocorre apenas dentro do perímetro soberano; Dado o CPF de-tokenizado, Quando a chamada ao sistema de origem termina, Então o CPF em claro não é logado nem persistido na nuvem; Dado uma auditoria, Quando se rastreia o fluxo do CPF, Então o ponto único de de-tokenização é o MuleSoft on-premise",High,"ADR 0005 (MuleSoft on-premise, ponto de de-tokenização do CPF, perímetro soberano); discovery-context 00 (LGPD, residência nacional de dados)",,Confirmed
US-0509,E05,Integração Corporativa (MuleSoft),Desenvolvedor/integrador,"Como desenvolvedor/integrador, quero implantar os runtimes MuleSoft on-premise na infra Dataprev/gov (ADR 0005), para que a camada de integração opere dentro do perímetro soberano e conecte a nuvem aos sistemas internos.","Dado a decisão ADR 0005, Quando os runtimes são provisionados, Então executam on-premise na infra Dataprev, gerenciados via Anypoint (control plane) mas com o dado no perímetro soberano; Dado a nuvem Salesforce, Quando ela precisa de um sistema interno, Então a chamada passa obrigatoriamente pela camada on-premise; Dado o deploy, Quando um runtime é atualizado, Então não há tráfego de dado sensível para fora do perímetro",High,"ADR 0005 (MuleSoft on-premise, perímetro soberano)",Infra on-premise Dataprev disponível para hospedar os runtimes,Confirmed
US-0510,E05,Integração Corporativa (MuleSoft),Sistema/plataforma,"Como plataforma, quero uma System API para o Novo PAT operando em modo mock-first (o Novo PAT hoje não tem API), para desbloquear o desenvolvimento das validações de situação cadastral desde já.","Dado que o Novo PAT não expõe API hoje, Quando defino sua System API, Então ela responde via mock com contratos representativos; Dado o mock, Quando o Core consulta situação de beneficiária/facilitadora, Então recebe status simulados (regular/irregular/pendente); Dado que a API real do Novo PAT seja disponibilizada, Quando substituo o backend, Então o contrato exposto permanece estável",High,E05 (Novo PAT HOJE NÃO TEM API — mock-first obrigatório); discovery-context 00,Novo PAT sem API/Swagger no início do projeto,Assumed
US-0511,E05,Integração Corporativa (MuleSoft),Sistema/plataforma,"Como plataforma, quero validar via Novo PAT a situação regular (cadastro obrigatório) de beneficiárias e facilitadoras, para que apenas participantes em situação regular operem no marketplace.","Dado um CNPJ de beneficiária, Quando consulto o Novo PAT, Então recebo a situação cadastral (regular/irregular/pendente) e a data da última atualização; Dado situação irregular, Quando a beneficiária tenta publicar cotação, Então a operação é bloqueada com mensagem clara; Dado indisponibilidade do Novo PAT, Quando a consulta falha, Então o comportamento de fallback é definido (não aprovar silenciosamente)",High,discovery-context 00 (marketplace integra-se ao Novo PAT para validar situação regular),Regra de bloqueio por irregularidade a confirmar com MTE,Assumed
US-0512,E05,Integração Corporativa (MuleSoft),Sistema/plataforma,"Como plataforma, quero obter do INIS PJ / Kinis PJ os dados de origem do termo de aceite (nº de trabalhadores por faixa salarial e estrutura matriz/filial), para alimentar a base de contratação e cotação (E02).","Dado um CNPJ com termo de aceite, Quando consulto o INIS PJ, Então recebo o número de trabalhadores por faixa salarial e a relação matriz/filial; Dado a resposta, Quando ela é entregue ao Core, Então os dados são associados à beneficiária correta (matriz vs filial); Dado ausência de termo de aceite, Quando consulto, Então a resposta indica claramente que não há aceite vigente",High,"E05 (INIS PJ/Kinis PJ origem do termo de aceite — nº trabalhadores por faixa salarial e matriz/filial, E02)",Contrato INIS PJ não disponível — mock-first até o Swagger,Assumed
US-0513,E05,Integração Corporativa (MuleSoft),Sistema/plataforma,"Como plataforma, quero integrar identidade e autenticação via GOV.BR/Geride, para suportar login das beneficiárias com procuração digital no portal (E01).","Dado um usuário no portal, Quando ele clica 'Entrar com gov.br', Então a autenticação ocorre via OpenID Connect e retorna a identidade validada; Dado o CPF autenticado, Quando consulto o Geride, Então recebo as empresas que o CPF tem procuração para representar; Dado nenhuma procuração válida, Quando o usuário loga, Então nenhuma empresa é apresentada para seleção",High,discovery-context 01 (login gov.br + representar empresa via procuração); [KB: salesforce-revenue-cloud-marketplace-arch.md:38] (gov.br via OpenID Connect),Geride é a fonte da relação CPF↔empresas (procuração digital),Assumed
US-0514,E05,Integração Corporativa (MuleSoft),Sistema/plataforma,"Como plataforma, quero enviar à CTPS Digital a 'expectativa de crédito' ao trabalhador (apenas monitoramento na Fase 1), para notificar o trabalhador de forma análoga ao aviso de crédito do FGTS.","Dado um crédito processado para uma folha, Quando o evento é gerado, Então uma notificação de expectativa de crédito é enviada à CTPS Digital (sem gestão de saldo); Dado a Fase 1, Quando avalio o escopo, Então é apenas envio/monitoramento — não há débito, gestão de saldo nem transação financeira via CTPS; Dado indisponibilidade da CTPS, Quando o envio falha, Então o evento entra em reprocessamento sem impactar o crédito",Medium,"discovery-context 00 (notificação ao trabalhador via CTPS Digital, modelo similar ao FGTS — aviso de crédito, não gestão de saldo); E05 (só monitoramento na Fase 1)",Contrato CTPS Digital não disponível — mock-first; escopo Fase 1 limitado a notificação,Assumed
US-0515,E05,Integração Corporativa (MuleSoft),Sistema/plataforma,"Como plataforma, quero uma System API para o eSocial em modo mock-first, para preparar o consumo de dados trabalhistas/vínculos assim que o contrato real for disponibilizado.","Dado o eSocial sem contrato disponível, Quando defino sua System API, Então ela responde via mock com payloads representativos; Dado o mock, Quando o Core consulta vínculos, Então recebe dados simulados coerentes com o modelo canônico; Dado o Swagger real do eSocial, Quando substituo o backend, Então os consumidores não precisam mudar",Medium,E05 (eSocial); discovery-context 00 (integração eSocial),Escopo exato do consumo de eSocial na Fase 1 a confirmar,Assumed
US-0516,E05,Integração Corporativa (MuleSoft),Sistema/plataforma,"Como plataforma, quero uma System API para o SDC em modo mock-first, para desbloquear a integração dependente do SDC sem esperar o contrato real.","Dado o SDC sem contrato disponível, Quando defino sua System API, Então ela responde via mock; Dado o mock, Quando um processo de negócio consome o SDC, Então recebe respostas simuladas de sucesso e erro; Dado o contrato real do SDC, Quando substituo o backend, Então o contrato exposto permanece estável",Medium,E05 (SDC),Papel do SDC no fluxo a confirmar com Dataprev; mock-first,Assumed
US-0517,E05,Integração Corporativa (MuleSoft),Gateway,"Como gateway/banco custódia, quero receber da plataforma a boletagem com split e o valor a pagar, para gerar o boleto registrado da folha em conta custódia de banco público.","Dado uma folha aprovada, Quando a plataforma envia a boletagem, Então o payload contém o valor total, o detalhe do split (repasse à facilitadora + taxa MTE/Dataprev) e os identificadores da conta custódia; Dado o envio, Quando o gateway processa, Então valida a consistência do split (soma das partes = total); Dado split inconsistente, Quando é recebido, Então a boletagem é rejeitada com erro descritivo",High,"discovery-context 00 (boleto/split, conta custódia banco público); E05 (boletagem com split e valor a pagar)",Contrato do gateway/banco não disponível — mock-first; regra de split reside na plataforma,Assumed
US-0518,E05,Integração Corporativa (MuleSoft),Gateway,"Como gateway/banco custódia, quero devolver à plataforma o boleto registrado, para que a beneficiária possa efetuar o pagamento e a plataforma acompanhe o status.","Dado uma boletagem aceita, Quando o gateway registra o boleto, Então devolve à plataforma o identificador, a linha digitável/código e a data de vencimento; Dado o boleto registrado, Quando a plataforma o recebe, Então o vincula ao contrato/folha de origem; Dado falha no registro, Quando o gateway responde, Então a plataforma marca a boletagem como não registrada e sinaliza para reprocessamento",High,E05 (devolve boleto registrado); discovery-context 00 (boleto Bolex/Pix),Mock-first até contrato do gateway,Assumed
US-0519,E05,Integração Corporativa (MuleSoft),Gateway,"Como plataforma, quero consumir as movimentações bancárias do gateway em batch incremental via agendamento (ADR 0003), para conciliar pagamentos e split sem depender de webhooks em tempo real.","Dado a decisão ADR 0003, Quando o job agendado dispara, Então consome apenas as movimentações novas desde o último checkpoint (incremental); Dado o batch recebido, Quando é processado, Então cada movimentação é associada ao boleto/folha correspondente; Dado o agendamento, Quando o job roda, Então respeita a janela configurada e registra o horário/checkpoint da última execução",High,ADR 0003 (movimentações bancárias em BATCH INCREMENTAL via AGENDAMENTO),Push/webhook em tempo real fora da Fase 1 — batch agendado é a decisão,Assumed
US-0520,E05,Integração Corporativa (MuleSoft),Sistema/plataforma,"Como plataforma, quero garantir idempotência e controle de checkpoint no batch incremental de movimentações, para que reprocessamentos não dupliquem lançamentos na conciliação financeira.","Dado uma movimentação já processada, Quando ela reaparece em um batch, Então não é lançada em duplicidade; Dado uma falha no meio do batch, Quando o job reexecuta, Então retoma a partir do último checkpoint confirmado; Dado o processamento concluído, Quando o checkpoint é atualizado, Então a atualização é atômica em relação aos registros consumidos",High,ADR 0003 (batch incremental); lógica financeira sensível (discovery-context riscos),Cada movimentação possui identificador único estável fornecido pelo gateway,Assumed
US-0521,E05,Integração Corporativa (MuleSoft),Facilitadora [API],"Como facilitadora, quero consultar via endpoint um pull das demandas/leilões (cotações) abertos na vigência, para captar oportunidades e decidir sobre o envio de propostas.","Dado cotações abertas dentro do prazo, Quando a facilitadora chama o endpoint de consulta, Então recebe a lista de demandas abertas com nº de funcionários, valor, UF e prazo; Dado uma cotação fora da vigência/prazo, Quando a consulta é feita, Então ela não aparece na lista; Dado a Fase 1, Quando avalio o modelo, Então é pull (a facilitadora consulta) — push é roadmap futuro",High,E05 (EXPOSIÇÃO DE ENDPOINT DE CONSULTA das demandas/leilões abertos — pull na Fase 1; push é roadmap futuro),,Confirmed
US-0522,E05,Integração Corporativa (MuleSoft),Facilitadora [API],"Como facilitadora, quero enviar minhas propostas (Quotes) via API para uma cotação aberta, para participar do leilão reverso sem operar por portal manual.","Dada uma cotação aberta, Quando a facilitadora envia uma proposta com taxas e recursos, Então a plataforma a associa à cotação e confirma o recebimento com um identificador; Dada uma cotação já encerrada/fora do prazo, Quando a facilitadora tenta enviar, Então a proposta é rejeitada com motivo; Dado um payload inválido (campos obrigatórios ausentes), Quando é recebido, Então a plataforma retorna erro de validação detalhado",High,E05 (recepção de Quotes/propostas); discovery-context 00 (facilitadoras enviam propostas com taxas padronizadas),Estrutura da proposta segue os recursos obrigatórios/UF do protótipo de cotação,Assumed
US-0523,E05,Integração Corporativa (MuleSoft),Facilitadora [API],"Como facilitadora, quero receber a folha e devolver o processado + o valor apurado via API, para fechar o ciclo financeiro da folha contratada.","Dado um contrato ativo com folha enviada, Quando a facilitadora consulta/recebe a folha, Então obtém a relação de empregados e valores no layout padronizado; Dado o processamento concluído, Quando a facilitadora devolve o resultado, Então informa status por registro e o valor total apurado; Dado divergência entre o valor devolvido e o esperado, Quando a plataforma recebe, Então sinaliza a inconsistência para tratamento antes da boletagem",High,E05 (devolução de processado+valor); discovery-context 00 (facilitadora processa e agenda crédito; BPMN Folha de Pagamento),Layout padronizado de folha definido em E02/E-financeiro; mock-first até contrato,Assumed
US-0524,E05,Integração Corporativa (MuleSoft),Facilitadora [API],"Como facilitadora, quero (roadmap futuro) receber push de notificação de novas demandas, para reagir mais rápido do que no modelo pull da Fase 1.","Dado a Fase 1, Quando avalio o escopo, Então push NÃO está incluído (apenas pull); Dado o roadmap, Quando push for priorizado, Então uma facilitadora poderá registrar um endpoint/callback para receber notificações de novas demandas; Dado o design Fase 1, Quando construo o endpoint de consulta, Então ele não impede a evolução para push (não cria dependência que bloqueie)",Low,E05 (push é roadmap futuro),Push explicitamente fora da Fase 1,Assumed
US-0525,E05,Integração Corporativa (MuleSoft),Adquirente [API],"Como adquirente, quero consultar via API o status de credenciamento de um estabelecimento por CNPJ antes de processar transações, para só autorizar transações de estabelecimentos ativos no marketplace.","Dado um CNPJ de estabelecimento, Quando a adquirente consulta o endpoint autenticado, Então recebe o status de credenciamento (ativo/inativo/descredenciado) e a data de referência; Dado um CNPJ não credenciado, Quando é consultado, Então a resposta indica claramente a ausência de credenciamento; Dado a chamada, Quando ocorre, Então é autenticada por client credentials, respeita rate limit e pode usar cache dentro do TTL",High,"E05 (API para adquirente CONSULTAR status de credenciamento por CNPJ; client credentials, rate limit, cache)",,Confirmed
US-0526,E05,Integração Corporativa (MuleSoft),Adquirente [API],"Como adquirente, quero enviar transações à plataforma para monitoramento (near-term, para consulta), para dar visibilidade das operações ao MTE mesmo antes do analytics completo.","Dado uma transação de estabelecimento, Quando a adquirente a envia, Então a plataforma a persiste com estabelecimento, valor, data/hora e CPF do comprador (tokenizado); Dado o escopo near-term, Quando avalio o uso, Então é consulta/monitoramento — analytics completo é V2; Dado um lote de transações, Quando é recebido, Então cada item é validado e os rejeitados são reportados sem bloquear os válidos",Medium,"E05 (adquirente envia transações para monitoramento — near-term para consulta, V2 para analytics); discovery-context 00 (monitoramento MTE)",CPF trafega tokenizado; de-tokenização somente on-premise (ADR 0005); mock-first até contrato da adquirente,Assumed
US-0527,E05,Integração Corporativa (MuleSoft),Adquirente [API],"Como MTE/plataforma, quero (V2 roadmap) o analytics completo das transações da adquirente, para identificar padrões anômalos e irregularidades além da simples consulta.","Dado a Fase 1/near-term, Quando avalio o escopo, Então analytics completo NÃO está incluído (apenas ingestão para consulta); Dado o roadmap V2, Quando for priorizado, Então as transações ingeridas alimentarão análise de padrões (ex.: Data Cloud/Tableau, a reavaliar); Dado o design de ingestão near-term, Quando o construo, Então o modelo de dados suporta a evolução para analytics sem reingestão",Low,E05 (V2 para analytics completo); discovery-context 00 (Data Cloud/Tableau fora do escopo confirmado — reavaliar),Data Cloud/Tableau fora do escopo confirmado nesta rodada,Assumed
US-0528,E05,Integração Corporativa (MuleSoft),Sistema/plataforma,"Como plataforma, quero trilha de auditoria e observabilidade em todas as integrações, para atender aos requisitos de auditoria ANPD/TCU/CGU sobre operações financeiras e de dados sensíveis.","Dado qualquer chamada de integração, Quando ela é executada, Então gera log de auditoria com correlação (quem, quando, qual endpoint, resultado) sem expor CPF em claro; Dado uma operação financeira (boletagem/split/movimentação), Quando ocorre, Então é rastreável ponta a ponta por um correlation id; Dado uma auditoria, Quando o dado é solicitado, Então a trilha é consultável e íntegra",High,discovery-context 02 (segurança/auditoria explícita na proposta; trilha ANPD/TCU/CGU; reforça E08),Detalhes de retenção/formato de log a alinhar com E08 (segurança/observabilidade),Assumed
US-0529,E05,Integração Corporativa (MuleSoft),Desenvolvedor/integrador,"Como desenvolvedor/integrador, quero tratamento padronizado de erros com retry e dead-letter nas integrações assíncronas, para que falhas transitórias dos sistemas de origem não percam mensagens nem travem o fluxo.","Dado uma falha transitória de um sistema de origem, Quando ocorre, Então há retry com backoff configurável; Dado uma falha persistente após os retries, Quando o limite é atingido, Então a mensagem vai para uma dead-letter queue para inspeção; Dado uma mensagem em DLQ, Quando é corrigida a causa, Então ela pode ser reprocessada sem duplicar efeitos",Medium,E05 (integração API-led resiliente); ADR 0003 (batch),,Assumed
US-0530,E05,Integração Corporativa (MuleSoft),Desenvolvedor/integrador,"Como desenvolvedor/integrador, quero um modelo canônico de dados (canonical data model) nas Process APIs para as entidades-chave (beneficiária, facilitadora, estabelecimento, cotação, proposta, folha, transação), para desacoplar os formatos dos sistemas de origem do núcleo do marketplace.","Dado múltiplos sistemas de origem com formatos distintos, Quando os dados entram na camada de processo, Então são mapeados para um modelo canônico único por entidade; Dado uma mudança no formato de um sistema de origem, Quando ela ocorre, Então apenas a System API correspondente muda, sem impacto no núcleo; Dado o modelo canônico, Quando uma Experience API consome, Então recebe sempre a mesma estrutura independentemente da origem",Medium,discovery-context 01 (mapeamento protótipo→objetos SF); [KB: salesforce-revenue-cloud-marketplace-arch.md:36-52] (API-led),,Assumed
US-0701,E07,Migração & Carga Inicial de Cadastros,Sistema,"Como Sistema de integração, quero extrair os cadastros de beneficiárias, facilitadoras e estabelecimentos das bases de origem (Novo PAT / bases MTE) via API MuleSoft, para disponibilizar os dados brutos para a carga inicial sem replicar o Novo PAT como system-of-record.","Dado que a base de origem (Novo PAT / MTE) está acessível via API MuleSoft, quando a rotina de extração é executada, então os registros de beneficiárias, facilitadoras e estabelecimentos são recuperados em lote e persistidos em área de staging; Dado que a API de origem ainda não tem definição arquitetural/Swagger confirmada, quando a extração roda em ambiente de homologação, então utiliza mock/contrato provisório e registra a origem de cada lote; Dado uma falha de conexão ou timeout com a base de origem, quando a extração é interrompida, então o processo é retomável a partir do último lote confirmado sem duplicar registros; Dado que o Novo PAT permanece system-of-record, quando a extração conclui, então nenhuma alteração é gravada de volta na base de origem (fluxo somente leitura)",High,".discovery-context.md (integração MuleSoft com Novo PAT; 600-700 facilitadoras); [assumption: contrato de API do Novo PAT a confirmar com arquitetura Dataprev — hoje sem Swagger, mocks necessários]",API de extração disponibilizada pela Dataprev/MTE; volume da ordem de centenas de milhares de beneficiárias e 600-700 facilitadoras,Assumed
US-0702,E07,Migração & Carga Inicial de Cadastros,Data Steward,"Como Data Steward, quero definir e manter o mapeamento de-para entre os campos das bases de origem e os objetos/atributos da plataforma, para garantir que cada cadastro seja carregado no destino correto respeitando a fronteira de dados não-sensíveis.","Dado o dicionário de dados das bases de origem, quando o Data Steward configura o de-para, então cada campo de origem é associado a um campo de destino ou marcado explicitamente como não-migrável (ex.: CPF e dados sensíveis); Dado que o campo de origem é um dado pessoal sensível, quando o de-para é validado, então o campo é bloqueado para persistência e substituído por referência tokenizada; Dado um campo de origem sem correspondência no destino, quando o mapeamento é revisado, então o campo é registrado como lacuna para decisão; Dado um de-para aprovado, quando a carga é executada, então a transformação aplica exatamente as regras mapeadas e versiona o mapa utilizado",High,ADR 0001 (referência por identificador não-sensível; dado nominal resolvido em runtime via API); [assumption: dicionário de dados das bases de origem a fornecer pela Dataprev],Dicionário de dados das bases de origem disponível; regras de sensibilidade LGPD definidas antes da carga,Assumed
US-0703,E07,Migração & Carga Inicial de Cadastros,Admin plataforma/dados,"Como Admin da plataforma, quero executar a carga inicial de beneficiárias a partir da área de staging, para que as empresas participantes existam na plataforma prontas para publicar cotações no go-live de 15/nov.","Dado o de-para aprovado e os dados em staging validados, quando a carga de beneficiárias é executada, então cada beneficiária é criada com seus atributos não-sensíveis e uma referência tokenizada ao registro de origem; Dado um registro de beneficiária que falha na validação, quando a carga processa o lote, então o registro é rejeitado sem interromper os demais e fica marcado para tratamento; Dado uma carga concluída, quando o Admin consulta o resultado, então a contagem de registros carregados, rejeitados e ignorados por duplicidade é apresentada; Dado que a carga é reexecutada, quando um registro já existe, então ele é atualizado (upsert pela referência) em vez de duplicado",High,.discovery-context.md (beneficiárias = empresas que contratam o vale); [assumption: campos de beneficiária a confirmar em DESIGN],Atributos não-sensíveis de beneficiária suficientes para operar cotação sem persistir CPF,Assumed
US-0704,E07,Migração & Carga Inicial de Cadastros,Admin plataforma/dados,"Como Admin da plataforma, quero executar a carga inicial das facilitadoras (600-700 fornecedores) a partir da área de staging, para que possam receber e responder cotações via API desde o go-live.","Dado o de-para aprovado, quando a carga de facilitadoras é executada, então cada facilitadora é criada com dados cadastrais não-sensíveis e credenciais de integração associadas; Dado o volume esperado de 600-700 facilitadoras, quando a carga roda, então conclui dentro da janela definida e reporta throughput; Dado uma facilitadora sem situação regular na base de origem, quando a carga a processa, então ela é carregada com status que a impede de operar até regularização; Dado uma reexecução de carga, quando a facilitadora já existe, então é atualizada por upsert sem duplicar",High,.discovery-context.md (600-700 facilitadoras operam via API); [assumption: modelo de credenciamento/status de facilitadora a detalhar em DESIGN],"Situação regular da facilitadora disponível na base de origem; facilitadora opera por API, não por portal",Assumed
US-0705,E07,Migração & Carga Inicial de Cadastros,Admin plataforma/dados,"Como Admin da plataforma, quero executar a carga inicial de estabelecimentos credenciados a partir da área de staging, para que restaurantes e mercados estejam disponíveis na plataforma no go-live.","Dado o de-para aprovado, quando a carga de estabelecimentos é executada, então cada estabelecimento é criado com dados cadastrais não-sensíveis e vínculo à(s) facilitadora(s) responsável(is) pelo credenciamento; Dado um estabelecimento com vínculo a facilitadora inexistente na plataforma, quando a carga o processa, então o registro é rejeitado e a inconsistência é reportada; Dado uma carga concluída, quando o Admin consulta o resultado, então totais por status de credenciamento são apresentados; Dado uma reexecução, quando o estabelecimento já existe, então é atualizado por upsert",Medium,.discovery-context.md (credenciamento de estabelecimentos; facilitadoras aprovam/descredenciam); [assumption: cardinalidade estabelecimento-facilitadora a confirmar],Vínculo estabelecimento-facilitadora disponível na base de origem,Assumed
US-0706,E07,Migração & Carga Inicial de Cadastros,Data Steward,"Como Data Steward, quero identificar e resolver registros duplicados de beneficiárias, facilitadoras e estabelecimentos durante a carga, para evitar cadastros redundantes que corromperiam cotações e folhas.","Dado um conjunto de registros em staging, quando a rotina de deduplicação executa, então registros com a mesma chave de negócio (ex.: identificador não-sensível de origem) são agrupados como candidatos a duplicata; Dado um grupo de duplicatas confirmadas, quando a regra de sobrevivência é aplicada, então um registro-mestre é mantido e os demais são consolidados/descartados de forma auditável; Dado uma duplicata ambígua, quando o sistema não consegue decidir automaticamente, então o caso é encaminhado ao Data Steward para resolução manual; Dado a deduplicação concluída, quando o relatório é gerado, então o número de duplicatas encontradas e resolvidas é apresentado por entidade",High,[assumption: regras de deduplicação e chave de negócio a definir; boa prática de qualidade de dados Salesforce],Existe identificador não-sensível estável por entidade que serve de chave de deduplicação,Assumed
US-0707,E07,Migração & Carga Inicial de Cadastros,Data Steward,"Como Data Steward, quero aplicar regras de qualidade e validação sobre os dados em staging antes da carga, para garantir que apenas cadastros consistentes e completos entrem na plataforma.","Dado os dados em staging, quando as regras de qualidade executam, então campos obrigatórios ausentes, formatos inválidos e valores fora de domínio são sinalizados por registro; Dado um registro que viola uma regra crítica, quando a validação roda, então ele é bloqueado para carga e classificado por tipo de erro; Dado um registro com aviso não-crítico, quando a validação roda, então ele é carregado e o aviso é registrado para saneamento posterior; Dado o encerramento da validação, quando o Data Steward consulta o painel de qualidade, então indicadores de completude e conformidade por entidade são apresentados",Medium,[assumption: regras de qualidade específicas a definir com a Dataprev; boa prática de data quality],Critérios de qualidade e campos obrigatórios definidos antes da carga,Assumed
US-0708,E07,Migração & Carga Inicial de Cadastros,Sistema,"Como Sistema, quero carregar apenas referências não-sensíveis tokenizadas (sem persistir CPF ou dados sensíveis do trabalhador na plataforma), para cumprir a diretriz de residência de dados híbrida da Dataprev/LGPD.","Dado um registro de origem que contém CPF ou dado pessoal sensível, quando a carga o processa, então o dado sensível não é gravado na plataforma e apenas uma referência tokenizada é persistida; Dado um objeto carregado (beneficiária, facilitadora, estabelecimento), quando é inspecionado após a carga, então nenhum campo contém CPF ou dado nominal sensível em claro; Dado a necessidade de exibir o dado nominal em runtime, quando um usuário autorizado o solicita, então ele é resolvido via API na base Dataprev e não fica retido na plataforma; Dado uma tentativa de mapear campo sensível para persistência, quando a carga valida o de-para, então a operação é rejeitada e registrada como violação de política",High,ADR 0001 (dados sensíveis fora da nuvem SF; referência por identificador não-sensível; padrão data-at-source/tokenização); [assumption: fronteira exata de campos a ratificar com arquitetura Dataprev — Jair Bogo],MuleSoft orquestra a resolução runtime do dado nominal; token estável fornecido/derivado da origem,Assumed
US-0709,E07,Migração & Carga Inicial de Cadastros,Sistema,"Como Sistema, quero reconciliar periodicamente os cadastros carregados com o Novo PAT (system-of-record), para manter as referências da plataforma alinhadas à fonte oficial sem migração massiva.","Dado que o Novo PAT permanece system-of-record, quando a rotina de reconciliação executa, então divergências entre a referência local e o registro oficial (novo, alterado, inativado) são detectadas por entidade; Dado uma beneficiária ou facilitadora que deixou de estar regular no Novo PAT, quando a reconciliação a identifica, então seu status na plataforma é atualizado para refletir a situação oficial; Dado um registro presente no Novo PAT e ausente na plataforma, quando a reconciliação roda, então ele é sinalizado para carga incremental; Dado a reconciliação concluída, quando o resultado é consultado, então o total de divergências e ações aplicadas é apresentado de forma auditável",High,.discovery-context.md (Novo PAT = system-of-record; marketplace valida situação regular via integração); [assumption: cadência e mecanismo de reconciliação a definir em DESIGN],Novo PAT expõe consulta de situação/atualização por entidade; sem migração massiva de volta,Assumed
US-0710,E07,Migração & Carga Inicial de Cadastros,Admin plataforma/dados,"Como Admin da plataforma, quero um relatório consolidado de carga e erros ao final de cada execução, para comprovar a qualidade da migração inicial e priorizar o saneamento antes do go-live.","Dado o encerramento de uma execução de carga, quando o relatório é gerado, então ele apresenta, por entidade, os totais de registros processados, carregados, rejeitados, duplicados e ignorados; Dado registros rejeitados, quando o Admin abre o relatório, então cada rejeição traz o motivo/tipo de erro e a chave do registro para tratamento; Dado múltiplas execuções, quando o Admin compara os relatórios, então a evolução do saneamento entre cargas é observável; Dado um relatório finalizado, quando o Admin o exporta, então o arquivo pode ser compartilhado com a equipe Dataprev/MTE para validação",Medium,[assumption: formato de relatório de carga a definir; boa prática de migração de dados],Equipe Dataprev/MTE valida o relatório de carga antes do go-live de 15/nov,Assumed
US-0801,E08,"Segurança, Residência de Dados & Conformidade",Arquiteto de dados,"Como Arquiteto de dados, quero um modelo de dados baseado em referências tokenizadas em que CPF e dados sensíveis não persistam na org Salesforce, para que a nuvem nunca armazene dado pessoal sensível e o programa cumpra a decisão de residência de dados.","Dado que um registro de beneficiária/trabalhador é criado, quando ele é persistido na org Salesforce, então o campo que representa a pessoa contém apenas um token/referência opaca — nunca o CPF em claro; Dado uma auditoria do schema, quando os objetos custom e nativos (Contact/Account) são inspecionados, então nenhum campo persiste CPF, nome completo ou outro dado sensível em texto claro; Dado que o token é gerado, quando ele é armazenado, então ele não permite reconstruir o CPF sem chamada à infra soberana Dataprev; Dado um novo objeto ou campo proposto no modelo, quando ele é revisado, então há um checklist de conformidade que bloqueia persistência de dado sensível",High,[KB: salesforce-revenue-cloud-marketplace-arch.md:41-45]; ADR 0001 residência híbrida (discovery); [extends: outputs/01-solution.md — org guarda referências tokenizadas],Fronteira campo-a-campo da residência (o que exatamente é 'sensível') ainda a ratificar com arquitetura Dataprev (decisão em aberto),Confirmed
US-0802,E08,"Segurança, Residência de Dados & Conformidade",Arquiteto,"Como Arquiteto, quero que o CPF e demais dados sensíveis sejam resolvidos (de-tokenizados) em runtime via MuleSoft contra a infra Dataprev, para que a plataforma exiba/utilize o dado apenas no momento do uso sem nunca persisti-lo.","Dado um usuário autorizado que abre um registro, quando o dado sensível precisa ser exibido, então a org invoca o MuleSoft em runtime e recebe o valor sem gravá-lo em nenhum objeto; Dado o retorno da API, quando o valor é apresentado na UI, então ele existe apenas em memória/na sessão e não é escrito em cache persistente, campo ou log; Dado que a chamada de de-tokenização falha ou expira, quando a resolução não ocorre, então a UI exibe estado degradado (token/placeholder) sem quebrar o fluxo; Dado o volume de ~450k beneficiárias, quando múltiplas resoluções ocorrem, então há tratamento de limites de callout e estratégia de latência aceitável",High,ADR 0001 + E05 (discovery); [extends: outputs/01-solution.md — resolução em runtime via MuleSoft],Contratos de API de de-tokenização ainda não definidos (sem Swagger); mocks necessários em fase inicial,Confirmed
US-0803,E08,"Segurança, Residência de Dados & Conformidade",Admin de plataforma,"Como Admin de plataforma, quero uma instância Salesforce dedicada e apartada exclusiva do MTE/PAT, isolada das demais orgs Dataprev, para que a sensibilidade financeira, a volumetria e a auditabilidade do programa fiquem contidas em um perímetro próprio.","Dado o provisionamento da solução, quando a org é criada, então ela é uma instância dedicada ao PAT/MTE, sem compartilhar dados ou metadados com outras orgs Dataprev; Dada a administração da org, quando acessos são concedidos, então a administração é do próprio MTE/programa, sem administradores compartilhados de outras orgs; Dada a volumetria (~800k estabelecimentos, ~450k beneficiárias), quando o dimensionamento é feito, então limites de armazenamento/governança são calibrados para a instância isolada; Dado um pedido de auditoria (TCU/CGU/ANPD), quando o escopo é definido, então ele se restringe à instância apartada",High,"ADR 0002 instância dedicada e apartada (discovery, outputs/01-solution.md)",Modelo de licenciamento/edição da org dedicada a confirmar comercialmente,Confirmed
US-0804,E08,"Segurança, Residência de Dados & Conformidade",Admin de plataforma,"Como Admin de plataforma, quero que o ambiente seja 100% greenfield, provisionado do zero sem reaproveitar org, metadado ou administração de outros ambientes Dataprev, para que o isolamento de segurança seja garantido por construção.","Dado o provisionamento, quando o ambiente é criado, então nenhum metadado, perfil ou configuração é herdado de outras orgs Dataprev; Dada a administração, quando papéis de admin são atribuídos, então não há administração compartilhada com outros ambientes; Dado o marco de prontidão da Etapa 0, quando a org greenfield é entregue, então ela é validada como isolada antes do início do build; Dado o lead-time externo, quando o provisionamento é planejado, então é tratado como pré-requisito de marco",High,"ADR 0005 greenfield (discovery, outputs/01-solution.md)","ADR 0005 assumida pela equipe em 31/jul/2026, a validar com o cliente",Assumed
US-0805,E08,"Segurança, Residência de Dados & Conformidade",Arquiteto,"Como Arquiteto, quero que o MuleSoft rode on-premise na infraestrutura soberana Dataprev (não em CloudHub), para que o dado sensível não saia do perímetro soberano em nenhum momento do trânsito.","Dado o deploy do MuleSoft, quando a topologia é definida, então o runtime roda on-premise na infra Dataprev/gov, não em CloudHub; Dado que a de-tokenização do CPF ocorre, quando ela é executada, então acontece dentro do perímetro soberano; Dada a prontidão da infra, quando o MuleSoft on-premise é instalado, então é pré-requisito de marco na Etapa 0 com lead-time externo mapeado; Dado o trânsito de dados, quando dado sensível é resolvido, então ele não trafega por infraestrutura fora do perímetro soberano",High,"ADR 0005 MuleSoft on-premise (discovery, outputs/01-solution.md — resolve G0504)",Prontidão da infra soberana e lead-time de instalação a confirmar com Dataprev,Confirmed
US-0806,E08,"Segurança, Residência de Dados & Conformidade",Auditor/DPO,"Como Auditor/DPO, quero uma trilha de auditoria imutável de todo acesso a dado sensível, para que qualquer resolução ou visualização de CPF possa ser comprovada e não possa ser adulterada.","Dado que um dado sensível é acessado/de-tokenizado, quando o evento ocorre, então é registrada uma entrada de auditoria com usuário, timestamp, registro alvo e finalidade; Dada uma entrada de auditoria gravada, quando alguém tenta alterá-la ou removê-la, então a alteração é impedida (imutabilidade) ou a tentativa é ela própria auditada; Dado um pedido de auditoria, quando o auditor consulta o período, então consegue reconstruir cronologicamente todos os acessos a dado sensível; Dado que os logs incluem identificadores, quando são armazenados, então o CPF aparece mascarado na trilha",High,Requisito explícito de auditoria (discovery: trilha imutável); [extends: outputs/01-solution.md — trilha para TCU/CGU/ANPD],Mecanismo de imutabilidade (Event Monitoring/Field Audit Trail vs. store externo) a definir na arquitetura,Confirmed
US-0807,E08,"Segurança, Residência de Dados & Conformidade",Admin de segurança,"Como Admin de segurança, quero que o CPF e dados sensíveis apareçam mascarados em todos os logs (aplicação, integração, depuração), para que nenhum dado pessoal sensível vaze por telemetria ou troubleshooting.","Dado que um log é gerado em qualquer camada (Salesforce, MuleSoft, debug), quando ele contém um CPF, então o valor é mascarado (ex.: ***.***.***-**) antes da persistência; Dada uma resolução de dado em runtime, quando ela é logada, então apenas o token/referência aparece, nunca o valor em claro; Dado um log de erro/exceção, quando ele é capturado, então payloads sensíveis são redigidos; Dada uma revisão de logs por auditoria, quando amostras são inspecionadas, então nenhuma ocorrência de CPF em claro é encontrada",High,Requisito explícito (discovery: mascaramento de CPF nos logs),Padrão de mascaramento e ferramenta de log centralizada a definir,Confirmed
US-0808,E08,"Segurança, Residência de Dados & Conformidade",Admin de segurança,"Como Admin de segurança, quero um modelo de controle de acesso baseado em menor privilégio com perfis/permission sets por papel (beneficiária, facilitadora API-only, MTE, admin, auditor), para que cada ator acesse apenas o que sua função exige.","Dado um usuário de um papel, quando ele autentica, então só enxerga objetos, campos e ações previstos para o papel; Dada a facilitadora API-only, quando ela acessa, então não tem assento de portal nem visibilidade das concorrentes (equidade por construção); Dado o acesso a dado sensível/de-tokenização, quando concedido, então requer permissão explícita separada e é auditado; Dada uma revisão de acessos, quando executada, então não há permissões amplas (modify all / view all) atribuídas indevidamente",High,"[extends: outputs/01-solution.md — equidade por construção, sem Apex managed sharing]; ADR 0004",Matriz de papéis x permissões a detalhar com o MTE,Confirmed
US-0809,E08,"Segurança, Residência de Dados & Conformidade",Admin de plataforma,"Como Admin de plataforma, quero observabilidade e monitoramento de segurança (eventos de login, acessos a dado sensível, chamadas de integração, anomalias), para que incidentes sejam detectados e respondidos rapidamente.","Dado o funcionamento da plataforma, quando eventos de segurança ocorrem, então são coletados e ficam disponíveis para consulta/dashboard; Dado um padrão anômalo de acesso a dado sensível, quando detectado, então um alerta é disparado ao time de segurança; Dada uma falha na integração de de-tokenização, quando ocorre, então é monitorada com métrica de disponibilidade/latência; Dado um incidente, quando investigado, então há trilha correlacionável entre logs de app, integração e auditoria",High,Requisito explícito (discovery: observabilidade),"Ferramenta de SIEM/observabilidade (Event Monitoring, Shield, ou externo Dataprev) a definir",Assumed
US-0810,E08,"Segurança, Residência de Dados & Conformidade",Auditor/DPO,"Como DPO, quero que o tratamento de dado pessoal sensível esteja documentado e amarrado a uma base legal sob o Art. 11 da LGPD, para que o programa comprove conformidade no tratamento de dados sensíveis dos trabalhadores.","Dado o tratamento de CPF/dado sensível, quando ele ocorre, então há registro da base legal aplicável (Art. 11 LGPD) documentado; Dado o inventário de tratamento (RoPA), quando revisado, então mapeia finalidade, dados, fluxo e retenção; Dada uma solicitação de titular, quando recebida, então há processo definido para atendê-la respeitando a arquitetura de tokenização; Dada uma auditoria da ANPD, quando solicitada, então a documentação de conformidade Art. 11 está disponível",High,Contexto regulatório (discovery: LGPD Art. 11); [extends: outputs/01-solution.md],Base legal específica e RoPA a validar com jurídico/DPO Dataprev/MTE,Confirmed
US-0811,E08,"Segurança, Residência de Dados & Conformidade",Auditor/DPO,"Como Auditor, quero relatórios e evidências de auditoria prontos para TCU, CGU e ANPD (acessos, transações, split, trilha imutável), para que os órgãos de controle obtenham comprovação sem intervenção manual demorada.","Dado um pedido de órgão de controle, quando um relatório de auditoria é solicitado, então ele é gerado a partir da trilha imutável cobrindo o período pedido; Dado o conteúdo do relatório, quando entregue, então inclui quem acessou o quê, quando e para qual finalidade, com CPF mascarado; Dado o fluxo financeiro (conta custódia/split), quando auditado, então há rastro correlacionável de cada movimentação; Dada a exportação, quando realizada, então mantém integridade/prova de não adulteração",High,Contexto de governança pública (discovery: auditoria TCU/CGU/ANPD),Formato/periodicidade dos relatórios exigidos pelos órgãos a confirmar,Confirmed
US-0812,E08,"Segurança, Residência de Dados & Conformidade",Arquiteto,"Como Arquiteto, quero um diagrama de fluxo de dados sob LGPD como artefato versionado e mantido, para que a fronteira do dado sensível (o que persiste, o que só transita, onde é resolvido) seja explícita e revisável.","Dado o design da solução, quando o artefato é produzido, então o diagrama mostra origem, trânsito, de-tokenização em runtime e o que persiste vs. não persiste; Dado o diagrama, quando revisado, então indica o perímetro soberano (MuleSoft on-premise) e os pontos de saída de dado; Dada uma mudança de arquitetura, quando aprovada, então o diagrama é atualizado e versionado; Dado o diagrama, quando entregue à auditoria/ANPD, então serve de evidência do fluxo sob Art. 11",Medium,Requisito explícito (discovery: diagrama de fluxo de dados sob LGPD Art. 11),Fronteira campo-a-campo depende da ratificação da residência (decisão em aberto),Confirmed
US-0813,E08,"Segurança, Residência de Dados & Conformidade",Admin de segurança,"Como Admin de segurança, quero gestão segura de credenciais e segredos das integrações (Named Credentials/secret store) para os callouts ao MuleSoft e à infra soberana, para que credenciais nunca fiquem expostas em código ou configuração legível.","Dado um callout à infra de de-tokenização, quando autenticado, então usa Named Credentials/secret store, sem credenciais hardcoded; Dada a rotação de segredos, quando executada, então não exige redeploy de código nem expõe o valor; Dado um acesso à configuração de credenciais, quando ocorre, então é restrito e auditado; Dado um repositório/metadado, quando inspecionado, então nenhum segredo aparece em texto claro",High,[extends: outputs/01-solution.md — Named Credentials/Auth Provider para gov.br OIDC e MuleSoft],Mecanismo de secret management (Salesforce vs. cofre Dataprev) a definir,Assumed
US-0814,E08,"Segurança, Residência de Dados & Conformidade",Admin de segurança,"Como Admin de segurança, quero políticas de sessão e autenticação forte (MFA, timeout, restrição de IP para admins) na org dedicada, para que o acesso administrativo e privilegiado a um ambiente que orquestra dado sensível seja protegido.","Dado um login administrativo, quando ocorre, então exige MFA; Dada uma sessão inativa, quando excede o timeout, então é encerrada automaticamente; Dado o acesso de perfis privilegiados, quando configurado, então há restrição de faixa de IP/rede confiável quando aplicável; Dada uma tentativa de login fora de padrão, quando detectada, então é bloqueada/alertada e auditada",High,[assumption: hardening padrão Salesforce Security para ambiente gov regulado; validar contra política Dataprev],"Políticas específicas (faixas de IP, provedor MFA) a alinhar com Dataprev",Assumed
US-0815,E08,"Segurança, Residência de Dados & Conformidade",Auditor/DPO,"Como DPO, quero políticas de retenção e expurgo dos tokens/referências e artefatos de auditoria conforme LGPD, para que dados não sejam mantidos além do necessário e o expurgo seja comprovável.","Dado um token/referência sem finalidade ativa, quando expira o prazo de retenção, então é expurgado conforme política definida; Dada a trilha de auditoria, quando o prazo legal de guarda é atingido, então a retenção respeita a exigência de órgãos de controle antes de qualquer expurgo; Dado um expurgo executado, quando ocorre, então é registrado (o quê, quando, por qual regra); Dada uma revisão de conformidade, quando feita, então prazos de retenção estão documentados e aplicados",Medium,Contexto regulatório (discovery: LGPD); [assumption: prazos de retenção a definir com jurídico],Prazos de retenção conflitantes entre LGPD (minimização) e guarda para TCU/CGU a conciliar,Assumed
US-0816,E08,"Segurança, Residência de Dados & Conformidade",Sistema,"Como Sistema, quero controle de acesso a nível de campo (FLS) e criptografia em repouso dos campos de referência/token, para que mesmo os identificadores tokenizados só sejam legíveis por quem tem permissão e estejam protegidos em armazenamento.","Dado um campo de referência/token, quando um perfil sem permissão o consulta, então o valor não é retornado (FLS bloqueia); Dado o armazenamento do token, quando persistido, então está criptografado em repouso; Dado um export/relatório, quando gerado por perfil não autorizado, então os campos protegidos não são incluídos; Dada uma tentativa de acesso via API, quando o perfil não tem FLS, então a chamada é negada e auditada",Medium,[extends: outputs/01-solution.md — org guarda referências tokenizadas]; [assumption: FLS + Shield Platform Encryption a validar],Uso de Shield Platform Encryption depende de edição/licenciamento da org dedicada,Assumed
US-0901,E09,Gestão de Mudança & Adoção,Gestor de mudança,"Como Gestor de mudança, quero conduzir uma avaliação de impacto de mudança por público (beneficiárias, facilitadoras, estabelecimentos e equipe MTE), para dimensionar esforço de comunicação e capacitação e antecipar focos de resistência antes do go-live de 15/nov/2026.","Dado o escopo do marketplace do PAT, quando a avaliação de impacto for concluída, então cada um dos quatro públicos tem um perfil de impacto documentado (alto/médio/baixo) com processos afetados e mudanças de comportamento esperadas; Dado um público com impacto alto, quando o perfil for registrado, então há ao menos uma ação de mitigação associada; Dado a fronteira de responsabilidade com a Dataprev a confirmar, quando itens dependerem da Dataprev, então ficam explicitamente marcados como premissa a validar; Dado a avaliação aprovada, quando publicada, então serve de insumo priorizado para o plano de comunicação e capacitação",High,Discovery: volumetria 600-700 facilitadoras + ~450 mil beneficiárias + ~800 mil estabelecimentos + ~22 mi trabalhadores [.discovery-context.md]. [assumption: escopo de change management e fronteira Dataprev/Salesforce PS a confirmar],Escopo de gestão de mudança entregue por Salesforce PS; fronteira de responsabilidade com a Dataprev a confirmar; acesso aos donos de processo dos quatro públicos.,Assumed
US-0902,E09,Gestão de Mudança & Adoção,Gestor de mudança,"Como Gestor de mudança, quero um plano de comunicação segmentado por público (beneficiárias, facilitadoras, estabelecimentos e equipe MTE), para que cada audiência receba a mensagem certa nos canais certos ao longo da transição para o marketplace.","Dado os quatro públicos, quando o plano de comunicação for aprovado, então cada público tem mensagens-chave, canais e cadência definidos por fase (pré-go-live, go-live, pós-go-live); Dado o marco de 15/nov/2026, quando o cronograma de comunicação for montado, então os disparos estão ancorados nesse marco e nos marcos de homologação de setembro; Dado uma mensagem publicada, quando revisada, então está alinhada à identidade do MTE e aprovada pelo dono de comunicação; Dado a fronteira com a Dataprev, quando canais oficiais forem usados, então a responsabilidade de disparo (Salesforce PS vs Dataprev/MTE) está registrada",High,Discovery: transição do modelo atual para marketplace; go-live fixo 15/nov/2026 e homologação set/2026 [.discovery-context.md; 02-call-esclarecimento-brief.md]. [assumption: canais oficiais e aprovação de comunicação sob MTE/Dataprev a confirmar],"Canais oficiais de comunicação (gov.br, Novo PAT, e-mail institucional) disponíveis; aprovação de conteúdo pelo MTE; fronteira de disparo a confirmar.",Assumed
US-0903,E09,Gestão de Mudança & Adoção,Beneficiária,"Como Beneficiária (empresa contratante), quero materiais de capacitação e treinamento sobre como publicar cotações, comparar propostas e enviar folha no portal, para operar o marketplace com autonomia desde o primeiro uso.","Dado os fluxos do portal (login gov.br, nova cotação, comparar propostas, enviar folha), quando os materiais de capacitação forem entregues, então cada fluxo tem um guia passo a passo ou vídeo curto correspondente; Dado uma beneficiária nova, quando concluir o treinamento, então consegue publicar uma cotação de ponta a ponta em ambiente de treino sem apoio; Dado atualização de tela ou regra do portal, quando o material for revisado, então a versão e a data de atualização ficam registradas; Dado o público de centenas de milhares de beneficiárias, quando o material for disponibilizado, então é autoexplicativo e acessível de forma assíncrona (autoatendimento)",High,Discovery: protótipo Figma da jornada da Beneficiária (login gov.br → cotação → comparar → folha) [01-prototipo-figma-cotacao.md]. [assumption: formato e canal de distribuição de treinamento a confirmar],Fluxos do portal estabilizados a tempo de produzir material; ambiente de treino/sandbox disponível; distribuição via portal/autoatendimento.,Assumed
US-0904,E09,Gestão de Mudança & Adoção,Facilitadora,"Como Facilitadora (emissora de VA/VR), quero um pacote de onboarding técnico para integração via API (envio de propostas, processamento de folha, split/repasse), para conectar meus sistemas ao marketplace dentro da janela de homologação.","Dado que facilitadoras operam via API e não por portal manual, quando o pacote de onboarding for entregue, então inclui guia de integração, referência de endpoints/mocks e checklist de homologação; Dado ausência de Swagger/definição arquitetural hoje, quando a integração real ainda não existir, então o onboarding usa mocks/simulações das APIs para capacitação inicial; Dado uma facilitadora em onboarding, quando concluir o checklist, então há um status de prontidão de integração registrado por facilitadora; Dado a fronteira com a Dataprev, quando o suporte técnico for acionado, então o canal e o responsável (Salesforce PS vs Dataprev) estão definidos",High,Discovery: 600-700 facilitadoras via API; mocks necessários por falta de Swagger; integração Novo PAT = alto risco [.discovery-context.md]. [KB: salesforce-revenue-cloud-marketplace-arch.md:38 MuleSoft para integrar sistemas das facilitadoras via API],Especificação de API (ou mocks) disponível para onboarding; janela de homologação set/2026; fronteira de suporte técnico Dataprev/Salesforce a confirmar.,Assumed
US-0905,E09,Gestão de Mudança & Adoção,Estabelecimento,"Como Estabelecimento (rede credenciada), quero guias e FAQ sobre credenciamento unificado via gov.br e sobre o novo modelo de repasse (até 15 dias, taxa até 3,6%), para entender o que muda para o meu negócio no marketplace.","Dado o fluxo de credenciamento via gov.br, quando o guia for publicado, então cobre cadastro, aprovação/descredenciamento e o papel legal da facilitadora; Dado as regras da reforma do PAT (taxa máx. 3,6%, repasse em até 15 dias), quando a FAQ for publicada, então essas regras estão explicadas em linguagem acessível ao estabelecimento; Dado uma dúvida frequente identificada em suporte, quando a FAQ for atualizada, então a nova entrada é adicionada e datada; Dado a fronteira com a Dataprev, quando o conteúdo tocar regra regulatória, então a fonte oficial (Novo PAT/MTE) é referenciada",Medium,"Discovery: credenciamento de estabelecimentos via gov.br; reforma nov/2025 (taxa 3,6%, repasse 15 dias) [.discovery-context.md]. [assumption: propriedade do conteúdo regulatório sob MTE a confirmar]",Regras regulatórias estáveis; fluxo de credenciamento definido; propriedade de conteúdo regulatório com o MTE.,Assumed
US-0906,E09,Gestão de Mudança & Adoção,Beneficiária,"Como Beneficiária, quero guias e FAQ contextuais dentro do portal (ajuda em tela, 'Precisa de ajuda?'), para resolver dúvidas sem abrir chamado enquanto navego pelo marketplace.","Dado as telas do portal, quando o conteúdo de ajuda for publicado, então há FAQ e guias acessíveis a partir do link de ajuda visível no portal; Dado uma dúvida sobre um passo específico (ex.: representar empresa via procuração digital), quando a beneficiária buscar ajuda, então encontra orientação correspondente àquele passo; Dado o agente informacional via WhatsApp/webchat previsto, quando a FAQ for estruturada, então o conteúdo é reaproveitável como base de conhecimento do agente; Dado atualização do portal, quando a ajuda for revisada, então itens obsoletos são removidos ou corrigidos",Medium,Discovery: protótipo mostra link 'Precisa de ajuda?' e login gov.br/procuração; Agentforce informacional via WhatsApp/webchat citado [01-prototipo-figma-cotacao.md; .discovery-context.md]. [assumption: integração da base de FAQ ao agente a confirmar],Link de ajuda presente no portal; conteúdo reaproveitável pelo agente Agentforce; escopo de ajuda em tela dentro da entrega.,Assumed
US-0907,E09,Gestão de Mudança & Adoção,Gestor de mudança,"Como Gestor de mudança, quero definir e medir métricas e KPIs de adoção do marketplace, para acompanhar o uso real por público e agir onde a adoção estiver abaixo do esperado.","Dado os quatro públicos, quando o painel de adoção for definido, então há KPIs por público (ex.: % beneficiárias que publicaram cotação, % facilitadoras integradas, % estabelecimentos credenciados, folhas enviadas pelo portal); Dado cada KPI, quando registrado, então tem definição, fonte de dado e frequência de medição; Dado ausência de baseline histórico do marketplace, quando as metas forem propostas, então são marcadas como alvo a validar (sem baseline inventado); Dado a adoção medida abaixo da meta, quando o acompanhamento identificar o desvio, então dispara uma ação corretiva de comunicação/capacitação",Medium,Discovery: volumetria e alcance do programa; monitoramento MTE fora do escopo confirmado nesta rodada (Data Cloud/Tableau) [.discovery-context.md]. [assumption: fonte de dados de adoção e baseline a confirmar; sem baseline inventado],Fonte de dados de uso disponível (plataforma/portal); metas a validar com MTE/Dataprev; medição de adoção dentro do escopo de change (não confundir com monitoramento MTE).,Assumed
US-0908,E09,Gestão de Mudança & Adoção,Gestor de mudança,"Como Gestor de mudança, quero estabelecer uma rede de multiplicadores (facilitadores/champions) por público, para escalar a adoção junto a 600-700 facilitadoras e centenas de milhares de beneficiárias sem depender apenas de suporte central.","Dado o alcance do programa, quando a rede de multiplicadores for constituída, então há multiplicadores identificados e capacitados por público relevante; Dado um multiplicador capacitado, quando concluir a habilitação, então recebe kit de materiais e canal de escalonamento definido; Dado a rede em operação, quando surgir dúvida recorrente na ponta, então há fluxo para o multiplicador escalar ao suporte central e retroalimentar a FAQ; Dado a fronteira com a Dataprev, quando papéis de multiplicador tocarem operação Dataprev/MTE, então a responsabilidade fica registrada como premissa a confirmar",Low,Discovery: 600-700 facilitadoras + centenas de milhares de beneficiárias exigem escala de adoção [.discovery-context.md]. [assumption: disponibilidade e engajamento de multiplicadores a confirmar],Existência de candidatos a multiplicadores nos públicos; engajamento voluntário/institucional; fronteira de papéis com Dataprev a confirmar.,Assumed
US-0909,E09,Gestão de Mudança & Adoção,Equipe MTE,"Como Equipe MTE, quero um plano de suporte à transição pós-go-live (hypercare) com canais, SLA e triagem de dúvidas por público, para sustentar a adoção nas primeiras semanas após 15/nov/2026.","Dado o go-live de 15/nov/2026, quando o plano de hypercare for aprovado, então define janela de suporte reforçado, canais e SLA de resposta por tipo de dúvida; Dado uma dúvida ou incidente de adoção reportado no período, quando for registrado, então é triado por público e por severidade e roteado ao responsável correto; Dado a fronteira com a Dataprev, quando o suporte for estruturado, então a divisão de responsabilidades (Salesforce PS vs Dataprev/MTE) está explícita para cada canal; Dado o fim da janela de hypercare, quando o suporte for transferido à operação regular, então há um handover documentado com pendências e lições aprendidas",Medium,Discovery: go-live fixo 15/nov/2026; entrega Salesforce PS com fronteira Dataprev a confirmar [.discovery-context.md; 02-call-esclarecimento-brief.md]. [assumption: modelo de suporte pós-go-live e divisão com Dataprev a confirmar],Janela de hypercare acordada; canais de suporte definidos; divisão de responsabilidades de suporte com a Dataprev a confirmar.,Assumed
